-- Generated by Craft v2.6.3019 on 1 Aug 2018 09:13:17.

--
-- Disable foreign key checks and autocommit.
--

SET FOREIGN_KEY_CHECKS = 0;
SET SQL_MODE = "NO_AUTO_VALUE_ON_ZERO";
SET AUTOCOMMIT = 0;
SET NAMES utf8;


DROP TABLE IF EXISTS `craft_assetfiles`;


--
-- Schema for table `craft_assetfiles`
--
CREATE TABLE `craft_assetfiles` (
  `id` int(11) NOT NULL,
  `sourceId` int(11) DEFAULT NULL,
  `folderId` int(11) NOT NULL,
  `filename` varchar(255) COLLATE utf8_unicode_ci NOT NULL,
  `kind` varchar(50) COLLATE utf8_unicode_ci NOT NULL DEFAULT 'unknown',
  `width` int(11) unsigned DEFAULT NULL,
  `height` int(11) unsigned DEFAULT NULL,
  `size` bigint(20) unsigned DEFAULT NULL,
  `dateModified` datetime DEFAULT NULL,
  `dateCreated` datetime NOT NULL,
  `dateUpdated` datetime NOT NULL,
  `uid` char(36) COLLATE utf8_unicode_ci NOT NULL DEFAULT '0',
  PRIMARY KEY (`id`),
  UNIQUE KEY `craft_assetfiles_filename_folderId_unq_idx` (`filename`,`folderId`),
  KEY `craft_assetfiles_sourceId_fk` (`sourceId`),
  KEY `craft_assetfiles_folderId_fk` (`folderId`)
) ENGINE=InnoDB DEFAULT CHARSET=utf8 COLLATE=utf8_unicode_ci;

--
-- Data for table `craft_assetfiles`
--

INSERT INTO `craft_assetfiles` (`id`, `sourceId`, `folderId`, `filename`, `kind`, `width`, `height`, `size`, `dateModified`, `dateCreated`, `dateUpdated`, `uid`) VALUES
 ('10', '1', '1', 'beer-on-table.jpg', 'image', '500', '281', '103665', '2018-07-26 08:13:41', '2018-07-26 08:27:49', '2018-07-26 11:28:28', 'ddb0f1f3-f724-44d7-bafd-5843b2606bbf'),
 ('13', '1', '1', 'wood-table.jpg', 'image', '2400', '1329', '606465', '2014-10-02 12:59:46', '2018-07-26 08:49:45', '2018-07-26 11:28:28', 'fa5cc6dd-3215-44e6-b2f2-6fdc0e18f1e8'),
 ('14', '1', '1', 'dark-horse-tres-blueberry-stout-2.jpg', 'image', '1200', '800', '626644', '2018-07-31 07:26:18', '2018-07-31 07:26:18', '2018-07-31 07:26:18', '4a74da30-296c-4f6b-be19-68d3e3d4381d');



DROP TABLE IF EXISTS `craft_assetfolders`;


--
-- Schema for table `craft_assetfolders`
--
CREATE TABLE `craft_assetfolders` (
  `id` int(11) NOT NULL AUTO_INCREMENT,
  `parentId` int(11) DEFAULT NULL,
  `sourceId` int(11) DEFAULT NULL,
  `name` varchar(255) COLLATE utf8_unicode_ci NOT NULL,
  `path` varchar(255) COLLATE utf8_unicode_ci DEFAULT NULL,
  `dateCreated` datetime NOT NULL,
  `dateUpdated` datetime NOT NULL,
  `uid` char(36) COLLATE utf8_unicode_ci NOT NULL DEFAULT '0',
  PRIMARY KEY (`id`),
  UNIQUE KEY `craft_assetfolders_name_parentId_sourceId_unq_idx` (`name`,`parentId`,`sourceId`),
  KEY `craft_assetfolders_parentId_fk` (`parentId`),
  KEY `craft_assetfolders_sourceId_fk` (`sourceId`)
) ENGINE=InnoDB AUTO_INCREMENT=11 DEFAULT CHARSET=utf8 COLLATE=utf8_unicode_ci;

--
-- Data for table `craft_assetfolders`
--

INSERT INTO `craft_assetfolders` (`id`, `parentId`, `sourceId`, `name`, `path`, `dateCreated`, `dateUpdated`, `uid`) VALUES
 ('1', NULL, '1', 'Brews', '', '2018-07-25 12:32:10', '2018-07-25 12:32:10', 'fa075a65-518b-4f71-b23e-7ed6e203aa48'),
 ('2', NULL, NULL, 'Temporary source', NULL, '2018-07-25 12:45:52', '2018-07-25 12:45:52', 'd9785d2e-8661-46fa-871a-97901d482bd6'),
 ('3', '2', NULL, 'user_1', 'user_1/', '2018-07-25 12:45:52', '2018-07-25 12:45:52', 'aed61437-0d82-4e9d-80cb-79f01710236e'),
 ('4', '3', NULL, 'field_5', 'user_1/field_5/', '2018-07-25 12:45:52', '2018-07-25 12:45:52', 'f10b1f79-390f-413a-a70c-0fe0148f4629'),
 ('6', '1', '1', 'victoy-hop-brew', 'victoy-hop-brew/', '2018-07-31 11:13:34', '2018-07-31 11:13:34', '339fdc40-7484-4982-9c38-d147171656bb'),
 ('7', '1', '1', 'about', 'about/', '2018-07-31 11:24:24', '2018-07-31 11:24:24', '697773f2-dde0-41a4-80fa-b18da66eb719'),
 ('8', '1', '1', 'victory-hop-brew', 'victory-hop-brew/', '2018-07-31 12:16:29', '2018-07-31 12:16:29', '7b191f0e-2e87-44e1-822a-1a4c6d03a794'),
 ('9', '1', '1', 'mystery-brew', 'mystery-brew/', '2018-07-31 12:54:14', '2018-07-31 12:54:14', 'e27e5e1a-d416-4b56-85b2-d08c56ff6d0e'),
 ('10', '1', '1', 'mystery-hop', 'mystery-hop/', '2018-07-31 12:54:50', '2018-07-31 12:54:50', '90dd2950-8756-47d3-9100-59f6e9e5416d');



DROP TABLE IF EXISTS `craft_assetindexdata`;


--
-- Schema for table `craft_assetindexdata`
--
CREATE TABLE `craft_assetindexdata` (
  `id` int(11) NOT NULL AUTO_INCREMENT,
  `sessionId` varchar(36) COLLATE utf8_unicode_ci NOT NULL DEFAULT '',
  `sourceId` int(10) NOT NULL,
  `offset` int(10) NOT NULL,
  `uri` varchar(255) COLLATE utf8_unicode_ci DEFAULT NULL,
  `size` varchar(255) COLLATE utf8_unicode_ci DEFAULT NULL,
  `recordId` int(10) DEFAULT NULL,
  `dateCreated` datetime NOT NULL,
  `dateUpdated` datetime NOT NULL,
  `uid` char(36) COLLATE utf8_unicode_ci NOT NULL DEFAULT '0',
  PRIMARY KEY (`id`),
  UNIQUE KEY `craft_assetindexdata_sessionId_sourceId_offset_unq_idx` (`sessionId`,`sourceId`,`offset`),
  KEY `craft_assetindexdata_sourceId_fk` (`sourceId`)
) ENGINE=InnoDB DEFAULT CHARSET=utf8 COLLATE=utf8_unicode_ci;

DROP TABLE IF EXISTS `craft_assetsources`;


--
-- Schema for table `craft_assetsources`
--
CREATE TABLE `craft_assetsources` (
  `id` int(11) NOT NULL AUTO_INCREMENT,
  `name` varchar(255) COLLATE utf8_unicode_ci NOT NULL,
  `handle` varchar(255) COLLATE utf8_unicode_ci NOT NULL,
  `type` varchar(150) COLLATE utf8_unicode_ci NOT NULL,
  `settings` text COLLATE utf8_unicode_ci,
  `sortOrder` smallint(6) unsigned DEFAULT NULL,
  `fieldLayoutId` int(10) DEFAULT NULL,
  `dateCreated` datetime NOT NULL,
  `dateUpdated` datetime NOT NULL,
  `uid` char(36) COLLATE utf8_unicode_ci NOT NULL DEFAULT '0',
  PRIMARY KEY (`id`),
  UNIQUE KEY `craft_assetsources_name_unq_idx` (`name`),
  UNIQUE KEY `craft_assetsources_handle_unq_idx` (`handle`),
  KEY `craft_assetsources_fieldLayoutId_fk` (`fieldLayoutId`)
) ENGINE=InnoDB AUTO_INCREMENT=2 DEFAULT CHARSET=utf8 COLLATE=utf8_unicode_ci;

--
-- Data for table `craft_assetsources`
--

INSERT INTO `craft_assetsources` (`id`, `name`, `handle`, `type`, `settings`, `sortOrder`, `fieldLayoutId`, `dateCreated`, `dateUpdated`, `uid`) VALUES
 ('1', 'Brews', 'brews', 'Local', '{\"path\":\"\\/Users\\/robbe\\/Sites\\/Brewery\\/public\\/images\\/brews\\/\",\"publicURLs\":\"1\",\"url\":\"\\/images\\/brews\\/\"}', '1', '36', '2018-07-25 12:32:10', '2018-07-31 12:33:49', '61224631-4ba5-4bd7-8dda-6a16ca3fe506');



DROP TABLE IF EXISTS `craft_assettransformindex`;


--
-- Schema for table `craft_assettransformindex`
--
CREATE TABLE `craft_assettransformindex` (
  `id` int(11) NOT NULL AUTO_INCREMENT,
  `fileId` int(11) NOT NULL,
  `filename` varchar(255) COLLATE utf8_unicode_ci DEFAULT NULL,
  `format` varchar(255) COLLATE utf8_unicode_ci DEFAULT NULL,
  `location` varchar(255) COLLATE utf8_unicode_ci NOT NULL,
  `sourceId` int(11) DEFAULT NULL,
  `fileExists` tinyint(1) DEFAULT NULL,
  `inProgress` tinyint(1) DEFAULT NULL,
  `dateIndexed` datetime DEFAULT NULL,
  `dateCreated` datetime NOT NULL,
  `dateUpdated` datetime NOT NULL,
  `uid` char(36) COLLATE utf8_unicode_ci NOT NULL DEFAULT '0',
  PRIMARY KEY (`id`),
  KEY `craft_assettransformindex_sourceId_fileId_location_idx` (`sourceId`,`fileId`,`location`)
) ENGINE=InnoDB AUTO_INCREMENT=3 DEFAULT CHARSET=utf8 COLLATE=utf8_unicode_ci;

DROP TABLE IF EXISTS `craft_assettransforms`;


--
-- Schema for table `craft_assettransforms`
--
CREATE TABLE `craft_assettransforms` (
  `id` int(11) NOT NULL AUTO_INCREMENT,
  `name` varchar(255) COLLATE utf8_unicode_ci NOT NULL,
  `handle` varchar(255) COLLATE utf8_unicode_ci NOT NULL,
  `mode` enum('stretch','fit','crop') COLLATE utf8_unicode_ci NOT NULL DEFAULT 'crop',
  `position` enum('top-left','top-center','top-right','center-left','center-center','center-right','bottom-left','bottom-center','bottom-right') COLLATE utf8_unicode_ci NOT NULL DEFAULT 'center-center',
  `height` int(10) DEFAULT NULL,
  `width` int(10) DEFAULT NULL,
  `format` varchar(255) COLLATE utf8_unicode_ci DEFAULT NULL,
  `quality` int(10) DEFAULT NULL,
  `dimensionChangeTime` datetime DEFAULT NULL,
  `dateCreated` datetime NOT NULL,
  `dateUpdated` datetime NOT NULL,
  `uid` char(36) COLLATE utf8_unicode_ci NOT NULL DEFAULT '0',
  PRIMARY KEY (`id`),
  UNIQUE KEY `craft_assettransforms_name_unq_idx` (`name`),
  UNIQUE KEY `craft_assettransforms_handle_unq_idx` (`handle`)
) ENGINE=InnoDB AUTO_INCREMENT=2 DEFAULT CHARSET=utf8 COLLATE=utf8_unicode_ci;

--
-- Data for table `craft_assettransforms`
--

INSERT INTO `craft_assettransforms` (`id`, `name`, `handle`, `mode`, `position`, `height`, `width`, `format`, `quality`, `dimensionChangeTime`, `dateCreated`, `dateUpdated`, `uid`) VALUES
 ('1', 'Homepage Thumb', 'homepageThumb', 'crop', 'center-center', '200', '840', NULL, NULL, '2018-07-25 12:36:34', '2018-07-25 12:36:34', '2018-07-31 07:32:59', '7e213ba2-2136-444f-be8a-a978d6c33bdb');



DROP TABLE IF EXISTS `craft_categories`;


--
-- Schema for table `craft_categories`
--
CREATE TABLE `craft_categories` (
  `id` int(11) NOT NULL,
  `groupId` int(11) NOT NULL,
  `dateCreated` datetime NOT NULL,
  `dateUpdated` datetime NOT NULL,
  `uid` char(36) COLLATE utf8_unicode_ci NOT NULL DEFAULT '0',
  PRIMARY KEY (`id`),
  KEY `craft_categories_groupId_fk` (`groupId`)
) ENGINE=InnoDB DEFAULT CHARSET=utf8 COLLATE=utf8_unicode_ci;

DROP TABLE IF EXISTS `craft_categorygroups`;


--
-- Schema for table `craft_categorygroups`
--
CREATE TABLE `craft_categorygroups` (
  `id` int(11) NOT NULL AUTO_INCREMENT,
  `structureId` int(11) NOT NULL,
  `fieldLayoutId` int(11) DEFAULT NULL,
  `name` varchar(255) COLLATE utf8_unicode_ci NOT NULL,
  `handle` varchar(255) COLLATE utf8_unicode_ci NOT NULL,
  `hasUrls` tinyint(1) unsigned NOT NULL DEFAULT '1',
  `template` varchar(500) COLLATE utf8_unicode_ci DEFAULT NULL,
  `dateCreated` datetime NOT NULL,
  `dateUpdated` datetime NOT NULL,
  `uid` char(36) COLLATE utf8_unicode_ci NOT NULL DEFAULT '0',
  PRIMARY KEY (`id`),
  UNIQUE KEY `craft_categorygroups_name_unq_idx` (`name`),
  UNIQUE KEY `craft_categorygroups_handle_unq_idx` (`handle`),
  KEY `craft_categorygroups_structureId_fk` (`structureId`),
  KEY `craft_categorygroups_fieldLayoutId_fk` (`fieldLayoutId`)
) ENGINE=InnoDB DEFAULT CHARSET=utf8 COLLATE=utf8_unicode_ci;

DROP TABLE IF EXISTS `craft_categorygroups_i18n`;


--
-- Schema for table `craft_categorygroups_i18n`
--
CREATE TABLE `craft_categorygroups_i18n` (
  `id` int(11) NOT NULL AUTO_INCREMENT,
  `groupId` int(11) NOT NULL,
  `locale` char(12) COLLATE utf8_unicode_ci NOT NULL,
  `urlFormat` text COLLATE utf8_unicode_ci,
  `nestedUrlFormat` text COLLATE utf8_unicode_ci,
  `dateCreated` datetime NOT NULL,
  `dateUpdated` datetime NOT NULL,
  `uid` char(36) COLLATE utf8_unicode_ci NOT NULL DEFAULT '0',
  PRIMARY KEY (`id`),
  UNIQUE KEY `craft_categorygroups_i18n_groupId_locale_unq_idx` (`groupId`,`locale`),
  KEY `craft_categorygroups_i18n_locale_fk` (`locale`)
) ENGINE=InnoDB DEFAULT CHARSET=utf8 COLLATE=utf8_unicode_ci;

DROP TABLE IF EXISTS `craft_content`;


--
-- Schema for table `craft_content`
--
CREATE TABLE `craft_content` (
  `id` int(11) NOT NULL AUTO_INCREMENT,
  `elementId` int(11) NOT NULL,
  `locale` char(12) COLLATE utf8_unicode_ci NOT NULL,
  `title` varchar(255) COLLATE utf8_unicode_ci DEFAULT NULL,
  `field_body` text COLLATE utf8_unicode_ci,
  `field_introduction` text COLLATE utf8_unicode_ci,
  `field_pageCopy` text COLLATE utf8_unicode_ci,
  `field_tagline` text COLLATE utf8_unicode_ci,
  `field_buttonCollection` text COLLATE utf8_unicode_ci,
  `field_originalBrewDate` datetime DEFAULT NULL,
  `field_brewType` text COLLATE utf8_unicode_ci,
  `field_recipeSnapshot` text COLLATE utf8_unicode_ci,
  `dateCreated` datetime NOT NULL,
  `dateUpdated` datetime NOT NULL,
  `uid` char(36) COLLATE utf8_unicode_ci NOT NULL DEFAULT '0',
  PRIMARY KEY (`id`),
  UNIQUE KEY `craft_content_elementId_locale_unq_idx` (`elementId`,`locale`),
  KEY `craft_content_title_idx` (`title`),
  KEY `craft_content_locale_fk` (`locale`)
) ENGINE=InnoDB AUTO_INCREMENT=21 DEFAULT CHARSET=utf8 COLLATE=utf8_unicode_ci;

--
-- Data for table `craft_content`
--

INSERT INTO `craft_content` (`id`, `elementId`, `locale`, `title`, `field_body`, `field_introduction`, `field_pageCopy`, `field_tagline`, `field_buttonCollection`, `field_originalBrewDate`, `field_brewType`, `field_recipeSnapshot`, `dateCreated`, `dateUpdated`, `uid`) VALUES
 ('1', '1', 'en_gb', NULL, NULL, NULL, NULL, NULL, NULL, NULL, NULL, NULL, '2018-07-24 14:16:13', '2018-07-24 14:16:13', '18094ba1-da7a-4279-ad12-e9917a9e12cc'),
 ('2', '2', 'en_gb', 'Crafty brewery', '<p>It’s true, this site doesn’t have a whole lot of content yet, but don’t worry. Our web developers have just installed the CMS, and they’re setting things up for the content editors this very moment. Soon Brewery.local.statik.be will be an oasis of fresh perspectives, sharp analyses, and astute opinions that will keep you coming back again and again.</p>', NULL, NULL, 'If we wrote it down, you can brew it at home.', '[{\"col1\":\"See Our Brews\",\"col2\":\"\\/brews\"},{\"col1\":\"Brew Our Brew\",\"col2\":\"\\/recipes\"}]', NULL, NULL, NULL, '2018-07-24 14:16:16', '2018-07-31 13:23:22', 'c71f546c-1e9c-4ce3-9a9c-23943dfeded5'),
 ('3', '3', 'en_gb', 'We just installed Craft!', '<p>Craft is the CMS that’s powering Brewery.local.statik.be. It’s beautiful, powerful, flexible, and easy-to-use, and it’s made by Pixel &amp; Tonic. We can’t wait to dive in and see what it’s capable of!</p>\n<!--pagebreak-->\n<p>This is even more captivating content, which you couldn’t see on the News index page because it was entered after a Page Break, and the News index template only likes to show the content on the first page.</p>\n<p>Craft: a nice alternative to Word, if you’re making a website.</p>', '<p>Lorem ipsum dolor sit amet, consectetur adipiscing elit. Phasellus nec lacus enim. Proin interdum augue sed erat consectetur, eget condimentum sapien fermentum. </p>', NULL, NULL, NULL, NULL, NULL, NULL, '2018-07-24 14:16:16', '2018-07-25 12:24:03', 'ed2075f0-e38c-40e9-8ac4-d178445b7e7c'),
 ('5', '5', 'en_gb', 'About brewery', '<p><strong>Lorem Ipsum</strong> is simply dummy text of the printing and typesetting industry. Lorem Ipsum has been the industry\'s standard dummy text ever since the 1500s, when an unknown printer took a galley of type and scrambled it to make a type specimen book. It has survived not only five centuries, but also the leap into electronic typesetting, remaining essentially unchanged. It was popularised in the 1960s with the release of Letraset sheets containing Lorem Ipsum passages, and more recently with desktop publishing software like Aldus PageMaker including versions of Lorem Ipsum.\n</p>\n<p>It is a long established fact that a reader will be distracted by the readable content of a page when looking at its layout. The point of using Lorem Ipsum is that it has a more-or-less normal distribution of letters, as opposed to using \'Content here, content here\', making it look like readable English. Many desktop publishing packages and web page editors now use Lorem Ipsum as their default model text, and a search for \'lorem ipsum\' will uncover many web sites still in their infancy. Various versions have evolved over the years, sometimes by accident, sometimes on purpose (injected humour and the like).\n<br /></p>', '<p>What is Lorem Ipsum?</p>', NULL, 'Here\'s a tagline', NULL, NULL, NULL, NULL, '2018-07-26 07:27:28', '2018-08-01 07:59:49', 'e880eba1-9c70-4664-a277-be3295e869cb'),
 ('6', '6', 'en_gb', 'Offices', '<h2>What is Lorem Ipsum?</h2>\n<p><strong>Lorem Ipsum</strong> is simply dummy text of the printing and typesetting industry. Lorem Ipsum has been the industry\'s standard dummy text ever since the 1500s, when an unknown printer took a galley of type and scrambled it to make a type specimen book. It has survived not only five centuries, but also the leap into electronic typesetting, remaining essentially unchanged. It was popularised in the 1960s with the release of Letraset sheets containing Lorem Ipsum passages, and more recently with desktop publishing software like Aldus PageMaker including versions of Lorem Ipsum.\n</p>\n<h2>Why do we use it?</h2>\n<p>It is a long established fact that a reader will be distracted by the readable content of a page when looking at its layout. The point of using Lorem Ipsum is that it has a more-or-less normal distribution of letters, as opposed to using \'Content here, content here\', making it look like readable English. Many desktop publishing packages and web page editors now use Lorem Ipsum as their default model text, and a search for \'lorem ipsum\' will uncover many web sites still in their infancy. Various versions have evolved over the years, sometimes by accident, sometimes on purpose (injected humour and the like).\n<br /></p>', NULL, NULL, NULL, NULL, NULL, NULL, NULL, '2018-07-26 07:28:12', '2018-07-31 11:24:24', 'a3600d2f-770f-444a-8cef-0c2ee7c1627e'),
 ('7', '7', 'en_gb', 'Austin, TX Office', '<h2>What is Lorem Ipsum?</h2>\n<p><strong>Lorem Ipsum</strong> is simply dummy text of the printing and typesetting industry. Lorem Ipsum has been the industry\'s standard dummy text ever since the 1500s, when an unknown printer took a galley of type and scrambled it to make a type specimen book. It has survived not only five centuries, but also the leap into electronic typesetting, remaining essentially unchanged. It was popularised in the 1960s with the release of Letraset sheets containing Lorem Ipsum passages, and more recently with desktop publishing software like Aldus PageMaker including versions of Lorem Ipsum.\n</p>\n<h2>Why do we use it?</h2>\n<p>It is a long established fact that a reader will be distracted by the readable content of a page when looking at its layout. The point of using Lorem Ipsum is that it has a more-or-less normal distribution of letters, as opposed to using \'Content here, content here\', making it look like readable English. Many desktop publishing packages and web page editors now use Lorem Ipsum as their default model text, and a search for \'lorem ipsum\' will uncover many web sites still in their infancy. Various versions have evolved over the years, sometimes by accident, sometimes on purpose (injected humour and the like).\n<br /></p>', NULL, NULL, NULL, NULL, NULL, NULL, NULL, '2018-07-26 07:29:16', '2018-07-31 11:24:24', '6eaa44f8-f312-42ef-ac09-c219bf18d980'),
 ('8', '8', 'en_gb', 'Team', '<h2>What is Lorem Ipsum?</h2>\n<p><strong>Lorem Ipsum</strong> is simply dummy text of the printing and typesetting industry. Lorem Ipsum has been the industry\'s standard dummy text ever since the 1500s, when an unknown printer took a galley of type and scrambled it to make a type specimen book. It has survived not only five centuries, but also the leap into electronic typesetting, remaining essentially unchanged. It was popularised in the 1960s with the release of Letraset sheets containing Lorem Ipsum passages, and more recently with desktop publishing software like Aldus PageMaker including versions of Lorem Ipsum.\n</p>\n', NULL, NULL, NULL, NULL, NULL, NULL, NULL, '2018-07-26 07:30:48', '2018-07-31 11:24:24', '5037709a-539d-43d5-b3ff-6f4fac428ac5'),
 ('9', '9', 'en_gb', 'Profile Lynn', '<h2>What is Lorem Ipsum?</h2>\n<p><strong>Lorem Ipsum</strong> is simply dummy text of the printing and typesetting industry. Lorem Ipsum has been the industry\'s standard dummy text ever since the 1500s, when an unknown printer took a galley of type and scrambled it to make a type specimen book. It has survived not only five centuries, but also the leap into electronic typesetting, remaining essentially unchanged. It was popularised in the 1960s with the release of Letraset sheets containing Lorem Ipsum passages, and more recently with desktop publishing software like Aldus PageMaker including versions of Lorem Ipsum.\n</p>\n<h2>Why do we use it?</h2>\n<p>It is a long established fact that a reader will be distracted by the readable content of a page when looking at its layout. The point of using Lorem Ipsum is that it has a more-or-less normal distribution of letters, as opposed to using \'Content here, content here\', making it look like readable English. Many desktop publishing packages and web page editors now use Lorem Ipsum as their default model text, and a search for \'lorem ipsum\' will uncover many web sites still in their infancy. Various versions have evolved over the years, sometimes by accident, sometimes on purpose (injected humour and the like).\n<br /></p>', NULL, NULL, NULL, NULL, NULL, NULL, NULL, '2018-07-26 07:31:06', '2018-07-31 11:24:24', '50a84ea0-ea9e-4bd5-ab98-c8bb5d39bd1a'),
 ('10', '10', 'en_gb', 'Beer On Table', NULL, NULL, NULL, NULL, NULL, NULL, NULL, NULL, '2018-07-26 08:27:49', '2018-07-26 11:28:28', '37f8a2d3-a0ba-4071-856e-adcc4feb4481'),
 ('13', '13', 'en_gb', 'Wood Table', NULL, NULL, NULL, NULL, NULL, NULL, NULL, NULL, '2018-07-26 08:49:45', '2018-07-26 11:28:28', 'f0b0bbe8-772c-4e0c-a909-69f1f043cbae'),
 ('14', '14', 'en_gb', 'Dark Horse Tres Blueberry Stout 2', NULL, NULL, NULL, NULL, NULL, NULL, NULL, NULL, '2018-07-31 07:26:18', '2018-07-31 07:26:18', 'daa6924d-e676-4570-8f82-eaba54374566'),
 ('15', '15', 'en_gb', 'Victory Hop Brew', NULL, '<p><strong>Lorem Ipsum</strong> is simply dummy text of the printing and typesetting industry. Lorem Ipsum has been the industry\'s standard dummy text ever since the 1500s, when an unknown printer took a galley of type and scrambled it to make a type specimen book. It has survived not only five centuries, but also the leap into electronic typesetting.</p>', '<p><strong>Lorem Ipsum</strong> is simply dummy text of the printing and typesetting industry. Lorem Ipsum has been the industry\'s standard dummy text ever since the 1500s, when an unknown printer took a galley of type and scrambled it to make a type specimen book. It has survived not only five centuries, but also the leap into electronic typesetting, remaining essentially unchanged. It was popularised in the 1960s with the release of Letraset sheets containing Lorem Ipsum passages, and more recently with desktop publishing software like Aldus PageMaker including versions of Lorem Ipsum.</p>\n<p><strong>Lorem Ipsum</strong> is simply dummy text of the printing and typesetting industry. Lorem Ipsum has been the industry\'s standard dummy text ever since the 1500s, when an unknown printer took a galley of type and scrambled it to make a type specimen book. It has survived not only five centuries, but also the leap into electronic typesetting, remaining essentially unchanged. It was popularised in the 1960s with the release of Letraset sheets containing Lorem Ipsum passages, and more recently with desktop publishing software like Aldus PageMaker including versions of Lorem Ipsum.</p>\n<p><strong>Lorem Ipsum</strong> is simply dummy text of the printing and typesetting industry. Lorem Ipsum has been the industry\'s standard dummy text ever since the 1500s, when an unknown printer took a galley of type and scrambled it to make a type specimen book. It has survived not only five centuries, but also the leap into electronic typesetting, remaining essentially unchanged. It was popularised in the 1960s with the release of Letraset sheets containing Lorem Ipsum passages, and more recently with desktop publishing software like Aldus PageMaker including versions of Lorem Ipsum.\n</p>\n<p><br /></p>', NULL, NULL, '2018-03-05 00:00:00', 'Stout', NULL, '2018-07-31 11:13:34', '2018-08-01 07:05:11', '51cbffa8-34f1-4140-8316-dbe3e2698b21'),
 ('16', '16', 'en_gb', 'Mystery Brew', NULL, '<p><strong>Lorem Ipsum</strong> is simply dummy text of the printing and typesetting industry. Lorem Ipsum has been the industry\'s standard dummy text ever since the 1500s, when an unknown printer took a galley of type and scrambled it to make a type specimen book. It has survived not only five centuries, but also the leap into electronic typesetting.</p>', '<p><strong>Lorem Ipsum</strong> is simply dummy text of the printing and typesetting industry. Lorem Ipsum has been the industry\'s standard dummy text ever since the 1500s, when an unknown printer took a galley of type and scrambled it to make a type specimen book. It has survived not only five centuries, but also the leap into electronic typesetting, remaining essentially unchanged. It was popularised in the 1960s with the release of Letraset sheets containing Lorem Ipsum passages, and more recently with desktop publishing software like Aldus PageMaker including versions of Lorem Ipsum.\n</p>', NULL, NULL, '2018-06-11 00:00:00', 'Stout', NULL, '2018-07-31 12:54:14', '2018-08-01 07:04:35', '0abb8b76-551b-466e-ac5a-05f8419ddaf6'),
 ('17', '17', 'en_gb', 'Mystery Hop', NULL, '<p><strong>Lorem Ipsum</strong> is simply dummy text of the printing and typesetting industry. Lorem Ipsum has been the industry\'s standard dummy text ever since the 1500s, when an unknown printer took a galley of type and scrambled it to make a type specimen book. It has survived not only five centuries, but also the leap into electronic typesetting.</p>', '<p><strong>Lorem Ipsum</strong> is simply dummy text of the printing and typesetting industry. Lorem Ipsum has been the industry\'s standard dummy text ever since the 1500s, when an unknown printer took a galley of type and scrambled it to make a type specimen book. It has survived not only five centuries, but also the leap into electronic typesetting, remaining essentially unchanged. It was popularised in the 1960s with the release of Letraset sheets containing Lorem Ipsum passages, and more recently with desktop publishing software like Aldus PageMaker including versions of Lorem Ipsum.\n</p>', NULL, NULL, '2018-08-23 00:00:00', 'Hop', NULL, '2018-07-31 12:54:49', '2018-08-01 07:04:51', 'fc9cf716-6970-48b1-9d3a-3dd9c4f1a31c'),
 ('18', '18', 'en_gb', 'Another news item', '<p><strong>Lorem Ipsum</strong> is simply dummy text of the printing and typesetting industry. Lorem Ipsum has been the industry\'s standard dummy text ever since the 1500s, when an unknown printer took a galley of type and scrambled it to make a type specimen book. It has survived not only five centuries, but also the leap into electronic typesetting, remaining essentially unchanged. It was popularised in the 1960s with the release of Letraset sheets containing Lorem Ipsum passages, and more recently with desktop publishing software like Aldus PageMaker including versions of Lorem Ipsum.</p>', '<p><strong>Lorem Ipsum</strong> is simply dummy text of the printing and typesetting industry. Lorem Ipsum has been the industry\'s standard dummy text ever since the 1500s, when an unknown printer took a galley of type and scrambled it to make a type specimen book. It has survived not only five centuries, but also the leap into electronic typesetting.</p>', NULL, NULL, NULL, NULL, NULL, NULL, '2018-07-31 13:03:54', '2018-07-31 13:03:54', 'e23182a3-9f56-4108-8463-e9e627a060b5'),
 ('19', '19', 'en_gb', 'Yet another news item', '<p><strong>Lorem Ipsum</strong> is simply dummy text of the printing and typesetting industry. Lorem Ipsum has been the industry\'s standard dummy text ever since the 1500s, when an unknown printer took a galley of type and scrambled it to make a type specimen book. It has survived not only five centuries, but also the leap into electronic typesetting, remaining essentially unchanged. It was popularised in the 1960s with the release of Letraset sheets containing Lorem Ipsum passages, and more recently with desktop publishing software like Aldus PageMaker including versions of Lorem Ipsum.\n</p><p><strong>Lorem Ipsum</strong> is simply dummy text of the printing and typesetting industry. Lorem Ipsum has been the industry\'s standard dummy text ever since the 1500s, when an unknown printer took a galley of type and scrambled it to make a type specimen book. It has survived not only five centuries, but also the leap into electronic typesetting, remaining essentially unchanged. It was popularised in the 1960s with the release of Letraset sheets containing Lorem Ipsum passages, and more recently with desktop publishing software like Aldus PageMaker including versions of Lorem Ipsum.\n</p><p><br /></p>', '<p><strong>Lorem Ipsum</strong> is simply dummy text of the printing and typesetting industry. Lorem Ipsum has been the industry\'s standard dummy text ever since the 1500s, when an unknown printer took a galley of type and scrambled it to make a type specimen book. It has survived not only five centuries, but also the leap into electronic typesetting</p>', NULL, NULL, NULL, NULL, NULL, NULL, '2018-07-31 13:04:22', '2018-07-31 13:04:22', '5e48e047-2fd0-4518-b022-493858b5d1b2'),
 ('20', '20', 'en_gb', 'wild Island Brew', NULL, '<p>Lorem ipsum dolor sit amet, ex eam quas primis. Ei sit nonumy eripuit. Sit unum corpora conceptam no. Ea duo apeirian recteque complectitur, cu adhuc doctus repudiare vim.</p>', NULL, NULL, NULL, '2018-05-07 00:00:00', NULL, '[{\"col1\":\"This is a snapshot \"},{\"col1\":\"This is another snapshot \"},{\"col1\":\"This is yet another snapshot \"}]', '2018-08-01 09:12:41', '2018-08-01 09:12:49', 'eebbd14a-a627-4af4-9fbb-d87fb166be60');



DROP TABLE IF EXISTS `craft_deprecationerrors`;


--
-- Schema for table `craft_deprecationerrors`
--
CREATE TABLE `craft_deprecationerrors` (
  `id` int(11) NOT NULL AUTO_INCREMENT,
  `key` varchar(255) COLLATE utf8_unicode_ci NOT NULL,
  `fingerprint` varchar(255) COLLATE utf8_unicode_ci NOT NULL,
  `lastOccurrence` datetime NOT NULL,
  `file` varchar(255) COLLATE utf8_unicode_ci NOT NULL,
  `line` smallint(6) unsigned NOT NULL,
  `class` varchar(255) COLLATE utf8_unicode_ci DEFAULT NULL,
  `method` varchar(255) COLLATE utf8_unicode_ci DEFAULT NULL,
  `template` varchar(255) COLLATE utf8_unicode_ci DEFAULT NULL,
  `templateLine` smallint(6) unsigned DEFAULT NULL,
  `message` varchar(255) COLLATE utf8_unicode_ci DEFAULT NULL,
  `traces` text COLLATE utf8_unicode_ci,
  `dateCreated` datetime NOT NULL,
  `dateUpdated` datetime NOT NULL,
  `uid` char(36) COLLATE utf8_unicode_ci NOT NULL DEFAULT '0',
  PRIMARY KEY (`id`),
  UNIQUE KEY `craft_deprecationerrors_key_fingerprint_unq_idx` (`key`,`fingerprint`)
) ENGINE=InnoDB DEFAULT CHARSET=utf8 COLLATE=utf8_unicode_ci;

DROP TABLE IF EXISTS `craft_elementindexsettings`;


--
-- Schema for table `craft_elementindexsettings`
--
CREATE TABLE `craft_elementindexsettings` (
  `id` int(11) NOT NULL AUTO_INCREMENT,
  `type` varchar(150) COLLATE utf8_unicode_ci NOT NULL,
  `settings` text COLLATE utf8_unicode_ci,
  `dateCreated` datetime NOT NULL,
  `dateUpdated` datetime NOT NULL,
  `uid` char(36) COLLATE utf8_unicode_ci NOT NULL DEFAULT '0',
  PRIMARY KEY (`id`),
  UNIQUE KEY `craft_elementindexsettings_type_unq_idx` (`type`)
) ENGINE=InnoDB AUTO_INCREMENT=2 DEFAULT CHARSET=utf8 COLLATE=utf8_unicode_ci;

--
-- Data for table `craft_elementindexsettings`
--

INSERT INTO `craft_elementindexsettings` (`id`, `type`, `settings`, `dateCreated`, `dateUpdated`, `uid`) VALUES
 ('1', 'Entry', '{\"sourceOrder\":[[\"key\",\"*\"],[\"heading\",\"Content\"],[\"key\",\"section:2\"],[\"key\",\"singles\"]],\"sources\":{\"section:2\":{\"tableAttributes\":{\"1\":\"postDate\",\"2\":\"link\",\"3\":\"uri\"}},\"singles\":{\"tableAttributes\":{\"1\":\"link\"}}}}', '2018-07-25 06:09:43', '2018-07-25 06:11:34', '7b8ee33c-5558-4c87-ac82-4e9d761bf7c9');



DROP TABLE IF EXISTS `craft_elements`;


--
-- Schema for table `craft_elements`
--
CREATE TABLE `craft_elements` (
  `id` int(11) NOT NULL AUTO_INCREMENT,
  `type` varchar(150) COLLATE utf8_unicode_ci NOT NULL,
  `enabled` tinyint(1) unsigned NOT NULL DEFAULT '1',
  `archived` tinyint(1) unsigned NOT NULL DEFAULT '0',
  `dateCreated` datetime NOT NULL,
  `dateUpdated` datetime NOT NULL,
  `uid` char(36) COLLATE utf8_unicode_ci NOT NULL DEFAULT '0',
  PRIMARY KEY (`id`),
  KEY `craft_elements_type_idx` (`type`),
  KEY `craft_elements_enabled_idx` (`enabled`),
  KEY `craft_elements_archived_dateCreated_idx` (`archived`,`dateCreated`)
) ENGINE=InnoDB AUTO_INCREMENT=31 DEFAULT CHARSET=utf8 COLLATE=utf8_unicode_ci;

--
-- Data for table `craft_elements`
--

INSERT INTO `craft_elements` (`id`, `type`, `enabled`, `archived`, `dateCreated`, `dateUpdated`, `uid`) VALUES
 ('1', 'User', '1', '0', '2018-07-24 14:16:13', '2018-07-24 14:16:13', 'a5665c9e-9fb4-40b4-a26a-f3fe5bd0f3fa'),
 ('2', 'Entry', '1', '0', '2018-07-24 14:16:16', '2018-07-31 13:23:22', 'ea3834d7-4936-4e06-b1af-630c7c1900ad'),
 ('3', 'Entry', '1', '0', '2018-07-24 14:16:16', '2018-07-25 12:24:03', '9138c470-c1c7-4bf9-838e-2b8fa5724de8'),
 ('5', 'Entry', '1', '0', '2018-07-26 07:27:28', '2018-08-01 07:59:49', 'ce4e317d-e907-4d45-9d50-48d036efbc12'),
 ('6', 'Entry', '1', '0', '2018-07-26 07:28:12', '2018-07-31 11:24:24', '76287b7e-37d8-4d1d-b6fd-620555a29e25'),
 ('7', 'Entry', '1', '0', '2018-07-26 07:29:16', '2018-07-31 11:24:24', 'ac17f404-dfe4-4d4e-8aa9-b430d1ba5b1b'),
 ('8', 'Entry', '1', '0', '2018-07-26 07:30:48', '2018-07-31 11:24:24', 'b91c8d0a-77e3-46be-84d3-1bc1ea5e55ce'),
 ('9', 'Entry', '1', '0', '2018-07-26 07:31:06', '2018-07-31 11:24:24', 'c0b2580e-c0aa-41cd-89ba-d9ed106a35d3'),
 ('10', 'Asset', '1', '0', '2018-07-26 08:27:49', '2018-07-26 11:28:28', 'a2514d1d-1d83-412f-8ed3-9d89ca42d716'),
 ('13', 'Asset', '1', '0', '2018-07-26 08:49:45', '2018-07-26 11:28:28', 'dbd30ef4-1bed-4c76-a9a8-dc9ed2ef9638'),
 ('14', 'Asset', '1', '0', '2018-07-31 07:26:18', '2018-07-31 07:26:18', 'a578bb00-9e57-48ee-bb77-82d7ecb6aa1f'),
 ('15', 'Entry', '1', '0', '2018-07-31 11:13:34', '2018-08-01 07:05:11', 'b022c50e-caae-4bbb-9f59-7ecefeb8579b'),
 ('16', 'Entry', '1', '0', '2018-07-31 12:54:14', '2018-08-01 07:04:35', '40cca1a8-77ce-47a2-8c4e-27f31602ec24'),
 ('17', 'Entry', '1', '0', '2018-07-31 12:54:49', '2018-08-01 07:04:51', '9d7bf54f-91f3-4312-96f6-addb70ecb1f7'),
 ('18', 'Entry', '1', '0', '2018-07-31 13:03:54', '2018-07-31 13:03:54', '739e132d-207d-453d-9ab9-71fc9bc6bbbb'),
 ('19', 'Entry', '1', '0', '2018-07-31 13:04:22', '2018-07-31 13:04:22', '06372d0b-9468-4d80-aaaf-d1c44608d190'),
 ('20', 'Entry', '1', '0', '2018-08-01 09:12:41', '2018-08-01 09:12:49', '90a294df-7fa6-4379-b1c8-cdff41299826'),
 ('21', 'MatrixBlock', '1', '0', '2018-08-01 09:12:41', '2018-08-01 09:12:50', '7cbb5e36-39b5-4ee2-ad39-b561afd930f8'),
 ('22', 'MatrixBlock', '1', '0', '2018-08-01 09:12:41', '2018-08-01 09:12:50', '79eedf97-5c47-4013-a696-cf6db68ea6d6'),
 ('23', 'MatrixBlock', '1', '0', '2018-08-01 09:12:41', '2018-08-01 09:12:50', '2751c854-f0e0-4c48-8d8d-feb227650e37'),
 ('24', 'MatrixBlock', '1', '0', '2018-08-01 09:12:41', '2018-08-01 09:12:50', 'c869adc9-2f13-4c1d-8606-5e60918047a6'),
 ('25', 'MatrixBlock', '1', '0', '2018-08-01 09:12:41', '2018-08-01 09:12:50', '7922a841-5f0a-42b2-a3db-8c1dc7de81ec'),
 ('26', 'MatrixBlock', '1', '0', '2018-08-01 09:12:41', '2018-08-01 09:12:50', 'a2729522-261a-4933-a23f-b06c413e2754'),
 ('27', 'MatrixBlock', '1', '0', '2018-08-01 09:12:41', '2018-08-01 09:12:50', 'bc8b6004-38a3-4d97-ba84-d522501e493e'),
 ('28', 'MatrixBlock', '1', '0', '2018-08-01 09:12:41', '2018-08-01 09:12:50', '3ff7d896-794e-4aff-b556-6415644ebb78'),
 ('29', 'MatrixBlock', '1', '0', '2018-08-01 09:12:41', '2018-08-01 09:12:50', '2c9299ed-ca7e-4f7c-82a1-245572934fc7'),
 ('30', 'MatrixBlock', '1', '0', '2018-08-01 09:12:41', '2018-08-01 09:12:50', '0cd0088c-e336-4aaa-886f-8583e9770d1d');



DROP TABLE IF EXISTS `craft_elements_i18n`;


--
-- Schema for table `craft_elements_i18n`
--
CREATE TABLE `craft_elements_i18n` (
  `id` int(11) NOT NULL AUTO_INCREMENT,
  `elementId` int(11) NOT NULL,
  `locale` char(12) COLLATE utf8_unicode_ci NOT NULL,
  `slug` varchar(255) COLLATE utf8_unicode_ci DEFAULT NULL,
  `uri` varchar(255) COLLATE utf8_unicode_ci DEFAULT NULL,
  `enabled` tinyint(1) unsigned NOT NULL DEFAULT '1',
  `dateCreated` datetime NOT NULL,
  `dateUpdated` datetime NOT NULL,
  `uid` char(36) COLLATE utf8_unicode_ci NOT NULL DEFAULT '0',
  PRIMARY KEY (`id`),
  UNIQUE KEY `craft_elements_i18n_elementId_locale_unq_idx` (`elementId`,`locale`),
  UNIQUE KEY `craft_elements_i18n_uri_locale_unq_idx` (`uri`,`locale`),
  KEY `craft_elements_i18n_slug_locale_idx` (`slug`,`locale`),
  KEY `craft_elements_i18n_enabled_idx` (`enabled`),
  KEY `craft_elements_i18n_locale_fk` (`locale`)
) ENGINE=InnoDB AUTO_INCREMENT=31 DEFAULT CHARSET=utf8 COLLATE=utf8_unicode_ci;

--
-- Data for table `craft_elements_i18n`
--

INSERT INTO `craft_elements_i18n` (`id`, `elementId`, `locale`, `slug`, `uri`, `enabled`, `dateCreated`, `dateUpdated`, `uid`) VALUES
 ('1', '1', 'en_gb', '', NULL, '1', '2018-07-24 14:16:13', '2018-07-24 14:16:13', '2780bce8-295e-4357-a699-d7b633a97fc8'),
 ('2', '2', 'en_gb', 'homepage', '__home__', '1', '2018-07-24 14:16:16', '2018-07-31 13:23:22', '107aa9fb-50ec-419a-b73f-bd6b219a3095'),
 ('3', '3', 'en_gb', 'we-just-installed-craft', 'news/2018/we-just-installed-craft', '1', '2018-07-24 14:16:16', '2018-07-25 12:24:03', '9eb3bbe1-c21d-4571-a003-8812ba91ecd7'),
 ('5', '5', 'en_gb', 'about', 'about', '1', '2018-07-26 07:27:28', '2018-08-01 07:59:50', 'cfeb7526-c31b-4073-a4c6-985fb3e423a2'),
 ('6', '6', 'en_gb', 'offices', 'about/offices', '1', '2018-07-26 07:28:12', '2018-08-01 07:59:51', '85c1affb-c862-4c07-b035-7b139cbcff4c'),
 ('7', '7', 'en_gb', 'austin', 'about/offices/austin', '1', '2018-07-26 07:29:16', '2018-07-31 11:24:24', 'a3eb7d6b-4178-433a-9e23-489833598b3e'),
 ('8', '8', 'en_gb', 'team', 'about/team', '1', '2018-07-26 07:30:48', '2018-07-31 11:24:24', '04d2e30b-f1ce-4608-9e07-51454593b50e'),
 ('9', '9', 'en_gb', 'lynn', 'about/team/lynn', '1', '2018-07-26 07:31:07', '2018-07-31 11:24:24', '75f9811b-22fc-4f4d-8620-dd1705d9d211'),
 ('10', '10', 'en_gb', 'beer-on-table', NULL, '1', '2018-07-26 08:27:49', '2018-07-26 11:28:28', '2a63d2f2-a3f8-484f-aa6f-952d7c5256ed'),
 ('13', '13', 'en_gb', 'wood-table', NULL, '1', '2018-07-26 08:49:45', '2018-07-26 11:28:28', '123f1835-1848-4f22-a50f-6849d4486095'),
 ('14', '14', 'en_gb', 'dark-horse-tres-blueberry-stout-2', NULL, '1', '2018-07-31 07:26:18', '2018-07-31 07:26:18', 'd619b9f9-65c3-4f0d-b238-a0e278cdd356'),
 ('15', '15', 'en_gb', 'victory-hop-brew', 'brews/victory-hop-brew', '1', '2018-07-31 11:13:34', '2018-08-01 07:05:11', 'ddc773c1-78b1-4e7b-b571-f79ebded4117'),
 ('16', '16', 'en_gb', 'mystery-brew', 'brews/mystery-brew', '1', '2018-07-31 12:54:14', '2018-08-01 07:04:35', '230ac34e-2b23-4855-9395-d5ddf10e5127'),
 ('17', '17', 'en_gb', 'mystery-hop', 'brews/mystery-hop', '1', '2018-07-31 12:54:50', '2018-08-01 07:04:51', 'f19a69d4-af09-4b51-9c8d-c89bee8d24fd'),
 ('18', '18', 'en_gb', 'another-news-item', 'news/2018/another-news-item', '1', '2018-07-31 13:03:55', '2018-07-31 13:03:55', '4abeee4b-cf5a-48f8-bfd5-92ec2d224bab'),
 ('19', '19', 'en_gb', 'yet-another-news-item', 'news/2018/yet-another-news-item', '1', '2018-07-31 13:04:23', '2018-07-31 13:04:23', '1bf4b893-d253-4517-b86a-8e819627568e'),
 ('20', '20', 'en_gb', 'wild-island-brew', 'recipes/wild-island-brew', '1', '2018-08-01 09:12:41', '2018-08-01 09:12:50', '4460770f-4455-4022-ba2c-5ae8e031c9f7'),
 ('21', '21', 'en_gb', '', NULL, '1', '2018-08-01 09:12:41', '2018-08-01 09:12:50', 'b500811a-e44f-4d7f-9785-e6d70df83363'),
 ('22', '22', 'en_gb', '', NULL, '1', '2018-08-01 09:12:41', '2018-08-01 09:12:50', '59853310-f344-4326-b3d2-459ceb679d48'),
 ('23', '23', 'en_gb', '', NULL, '1', '2018-08-01 09:12:41', '2018-08-01 09:12:50', 'c4faf493-bd2d-42e2-af6e-4401ed94728b'),
 ('24', '24', 'en_gb', '', NULL, '1', '2018-08-01 09:12:41', '2018-08-01 09:12:50', 'c554d918-e0f5-4b81-a7e7-023ab759f7d8'),
 ('25', '25', 'en_gb', '', NULL, '1', '2018-08-01 09:12:41', '2018-08-01 09:12:50', 'a29e2285-c542-4cf7-9953-946aaf0c2af3'),
 ('26', '26', 'en_gb', '', NULL, '1', '2018-08-01 09:12:41', '2018-08-01 09:12:50', '115f8c5c-6893-4af6-a331-0cfa96035ecb'),
 ('27', '27', 'en_gb', '', NULL, '1', '2018-08-01 09:12:41', '2018-08-01 09:12:50', '798eada1-c78f-42c5-abc3-eba7eff7bda2'),
 ('28', '28', 'en_gb', '', NULL, '1', '2018-08-01 09:12:41', '2018-08-01 09:12:50', 'ce22c283-486a-4649-874a-e8de6b309ea1'),
 ('29', '29', 'en_gb', '', NULL, '1', '2018-08-01 09:12:41', '2018-08-01 09:12:50', 'a01eb5fa-b79a-48af-a832-46f13a052d9a'),
 ('30', '30', 'en_gb', '', NULL, '1', '2018-08-01 09:12:41', '2018-08-01 09:12:50', '2ec855fa-00c8-47eb-97ed-138e45e50ee6');



DROP TABLE IF EXISTS `craft_emailmessages`;


--
-- Schema for table `craft_emailmessages`
--
CREATE TABLE `craft_emailmessages` (
  `id` int(11) NOT NULL AUTO_INCREMENT,
  `key` char(150) COLLATE utf8_unicode_ci NOT NULL,
  `locale` char(12) COLLATE utf8_unicode_ci NOT NULL,
  `subject` varchar(1000) COLLATE utf8_unicode_ci NOT NULL,
  `body` text COLLATE utf8_unicode_ci NOT NULL,
  `dateCreated` datetime NOT NULL,
  `dateUpdated` datetime NOT NULL,
  `uid` char(36) COLLATE utf8_unicode_ci NOT NULL DEFAULT '0',
  PRIMARY KEY (`id`),
  UNIQUE KEY `craft_emailmessages_key_locale_unq_idx` (`key`,`locale`),
  KEY `craft_emailmessages_locale_fk` (`locale`)
) ENGINE=InnoDB DEFAULT CHARSET=utf8 COLLATE=utf8_unicode_ci;

DROP TABLE IF EXISTS `craft_entries`;


--
-- Schema for table `craft_entries`
--
CREATE TABLE `craft_entries` (
  `id` int(11) NOT NULL,
  `sectionId` int(11) NOT NULL,
  `typeId` int(11) DEFAULT NULL,
  `authorId` int(11) DEFAULT NULL,
  `postDate` datetime DEFAULT NULL,
  `expiryDate` datetime DEFAULT NULL,
  `dateCreated` datetime NOT NULL,
  `dateUpdated` datetime NOT NULL,
  `uid` char(36) COLLATE utf8_unicode_ci NOT NULL DEFAULT '0',
  PRIMARY KEY (`id`),
  KEY `craft_entries_sectionId_idx` (`sectionId`),
  KEY `craft_entries_typeId_idx` (`typeId`),
  KEY `craft_entries_postDate_idx` (`postDate`),
  KEY `craft_entries_expiryDate_idx` (`expiryDate`),
  KEY `craft_entries_authorId_fk` (`authorId`)
) ENGINE=InnoDB DEFAULT CHARSET=utf8 COLLATE=utf8_unicode_ci;

--
-- Data for table `craft_entries`
--

INSERT INTO `craft_entries` (`id`, `sectionId`, `typeId`, `authorId`, `postDate`, `expiryDate`, `dateCreated`, `dateUpdated`, `uid`) VALUES
 ('2', '1', NULL, NULL, '2018-07-24 14:16:16', NULL, '2018-07-24 14:16:16', '2018-07-31 13:23:22', 'a4c2a7c0-e0a9-4ff0-9283-ac090be59832'),
 ('3', '2', '2', '1', '2018-07-24 14:16:00', NULL, '2018-07-24 14:16:16', '2018-07-25 12:24:03', '663d9b67-392d-4a17-89f2-e99d67d765fe'),
 ('5', '4', '4', '1', '2018-07-26 07:27:00', NULL, '2018-07-26 07:27:28', '2018-08-01 07:59:50', '4590a24c-7e3a-4a33-a4d6-2a4a2ca141d3'),
 ('6', '4', '4', '1', '2018-07-26 07:28:12', NULL, '2018-07-26 07:28:12', '2018-07-26 07:28:12', '80f3bc6d-9a77-4a87-98a5-8f1cb0702f36'),
 ('7', '4', '4', '1', '2018-07-26 07:29:16', NULL, '2018-07-26 07:29:16', '2018-07-26 07:29:16', '5f3c2867-a5c0-449f-9672-414eea2d6cc2'),
 ('8', '4', '4', '1', '2018-07-26 07:30:48', NULL, '2018-07-26 07:30:48', '2018-07-26 07:30:48', 'd9a5986d-4d92-4fa0-9ae8-659504225f20'),
 ('9', '4', '4', '1', '2018-07-26 07:31:06', NULL, '2018-07-26 07:31:07', '2018-07-26 07:31:07', '0c1848ae-6674-43d5-b11c-0f389622eaee'),
 ('15', '3', '3', '1', '2018-07-31 11:13:00', NULL, '2018-07-31 11:13:34', '2018-08-01 07:05:11', 'b01ec735-8f47-4338-98a0-a3d138bd63d6'),
 ('16', '3', '3', '1', '2018-07-31 12:54:00', NULL, '2018-07-31 12:54:14', '2018-08-01 07:04:36', '93e77fa4-b9cc-4b07-b0c4-41cab539648e'),
 ('17', '3', '3', '1', '2018-07-31 12:54:00', NULL, '2018-07-31 12:54:50', '2018-08-01 07:04:51', 'eaa6cf80-859d-403a-849e-7544f90dbecc'),
 ('18', '2', '2', '1', '2018-07-31 13:03:54', NULL, '2018-07-31 13:03:55', '2018-07-31 13:03:55', '348dcf22-f6ec-44d6-a99e-aa7d2f441409'),
 ('19', '2', '2', '1', '2018-07-31 13:04:22', NULL, '2018-07-31 13:04:23', '2018-07-31 13:04:23', '3e8bf852-fb61-4f1f-b91f-bfb69028e1fc'),
 ('20', '5', '5', '1', '2018-08-01 09:12:00', NULL, '2018-08-01 09:12:41', '2018-08-01 09:12:50', '5d93957c-0e92-4f45-aad3-91d1e84b2435');



DROP TABLE IF EXISTS `craft_entrydrafts`;


--
-- Schema for table `craft_entrydrafts`
--
CREATE TABLE `craft_entrydrafts` (
  `id` int(11) NOT NULL AUTO_INCREMENT,
  `entryId` int(11) NOT NULL,
  `sectionId` int(11) NOT NULL,
  `creatorId` int(11) NOT NULL,
  `locale` char(12) COLLATE utf8_unicode_ci NOT NULL,
  `name` varchar(255) COLLATE utf8_unicode_ci NOT NULL,
  `notes` tinytext COLLATE utf8_unicode_ci,
  `data` mediumtext COLLATE utf8_unicode_ci NOT NULL,
  `dateCreated` datetime NOT NULL,
  `dateUpdated` datetime NOT NULL,
  `uid` char(36) COLLATE utf8_unicode_ci NOT NULL DEFAULT '0',
  PRIMARY KEY (`id`),
  KEY `craft_entrydrafts_entryId_locale_idx` (`entryId`,`locale`),
  KEY `craft_entrydrafts_sectionId_fk` (`sectionId`),
  KEY `craft_entrydrafts_creatorId_fk` (`creatorId`),
  KEY `craft_entrydrafts_locale_fk` (`locale`)
) ENGINE=InnoDB DEFAULT CHARSET=utf8 COLLATE=utf8_unicode_ci;

DROP TABLE IF EXISTS `craft_entrytypes`;


--
-- Schema for table `craft_entrytypes`
--
CREATE TABLE `craft_entrytypes` (
  `id` int(11) NOT NULL AUTO_INCREMENT,
  `sectionId` int(11) NOT NULL,
  `fieldLayoutId` int(11) DEFAULT NULL,
  `name` varchar(255) COLLATE utf8_unicode_ci NOT NULL,
  `handle` varchar(255) COLLATE utf8_unicode_ci NOT NULL,
  `hasTitleField` tinyint(1) unsigned NOT NULL DEFAULT '1',
  `titleLabel` varchar(255) COLLATE utf8_unicode_ci DEFAULT 'Title',
  `titleFormat` varchar(255) COLLATE utf8_unicode_ci DEFAULT NULL,
  `sortOrder` smallint(6) unsigned DEFAULT NULL,
  `dateCreated` datetime NOT NULL,
  `dateUpdated` datetime NOT NULL,
  `uid` char(36) COLLATE utf8_unicode_ci NOT NULL DEFAULT '0',
  PRIMARY KEY (`id`),
  UNIQUE KEY `craft_entrytypes_name_sectionId_unq_idx` (`name`,`sectionId`),
  UNIQUE KEY `craft_entrytypes_handle_sectionId_unq_idx` (`handle`,`sectionId`),
  KEY `craft_entrytypes_sectionId_fk` (`sectionId`),
  KEY `craft_entrytypes_fieldLayoutId_fk` (`fieldLayoutId`)
) ENGINE=InnoDB AUTO_INCREMENT=6 DEFAULT CHARSET=utf8 COLLATE=utf8_unicode_ci;

--
-- Data for table `craft_entrytypes`
--

INSERT INTO `craft_entrytypes` (`id`, `sectionId`, `fieldLayoutId`, `name`, `handle`, `hasTitleField`, `titleLabel`, `titleFormat`, `sortOrder`, `dateCreated`, `dateUpdated`, `uid`) VALUES
 ('1', '1', '37', 'Homepage', 'homepage', '1', 'Homepage Title', NULL, '1', '2018-07-24 14:16:16', '2018-07-31 13:20:27', 'ad76e285-d63d-44fe-b347-7d8ef5bbab03'),
 ('2', '2', '8', 'News', 'news', '1', 'Title', NULL, '1', '2018-07-24 14:16:16', '2018-07-25 12:21:23', '8b29c974-3b18-4af3-89f9-e87725b5c9e1'),
 ('3', '3', '38', 'Brews', 'brews', '1', 'Brew Name', NULL, '1', '2018-07-25 12:04:33', '2018-08-01 06:54:52', '7eeb5d71-632f-4842-a444-3b7b558b0b32'),
 ('4', '4', '39', 'About Brewery', 'aboutBrewery', '1', 'Page Title', NULL, '1', '2018-07-26 07:23:17', '2018-08-01 07:51:05', '7c494170-060d-492b-ba45-f56c89d47c49'),
 ('5', '5', '47', 'Recipes', 'recipes', '1', 'Title', NULL, '1', '2018-08-01 08:32:22', '2018-08-01 08:54:23', '6481db85-302f-4151-a599-450d6d88f63f');



DROP TABLE IF EXISTS `craft_entryversions`;


--
-- Schema for table `craft_entryversions`
--
CREATE TABLE `craft_entryversions` (
  `id` int(11) NOT NULL AUTO_INCREMENT,
  `entryId` int(11) NOT NULL,
  `sectionId` int(11) NOT NULL,
  `creatorId` int(11) DEFAULT NULL,
  `locale` char(12) COLLATE utf8_unicode_ci NOT NULL,
  `num` smallint(6) unsigned NOT NULL,
  `notes` tinytext COLLATE utf8_unicode_ci,
  `data` mediumtext COLLATE utf8_unicode_ci NOT NULL,
  `dateCreated` datetime NOT NULL,
  `dateUpdated` datetime NOT NULL,
  `uid` char(36) COLLATE utf8_unicode_ci NOT NULL DEFAULT '0',
  PRIMARY KEY (`id`),
  KEY `craft_entryversions_entryId_locale_idx` (`entryId`,`locale`),
  KEY `craft_entryversions_sectionId_fk` (`sectionId`),
  KEY `craft_entryversions_creatorId_fk` (`creatorId`),
  KEY `craft_entryversions_locale_fk` (`locale`)
) ENGINE=InnoDB AUTO_INCREMENT=42 DEFAULT CHARSET=utf8 COLLATE=utf8_unicode_ci;

--
-- Data for table `craft_entryversions`
--

INSERT INTO `craft_entryversions` (`id`, `entryId`, `sectionId`, `creatorId`, `locale`, `num`, `notes`, `data`, `dateCreated`, `dateUpdated`, `uid`) VALUES
 ('1', '2', '1', '1', 'en_gb', '1', NULL, '{\"typeId\":\"1\",\"authorId\":null,\"title\":\"Homepage\",\"slug\":\"homepage\",\"postDate\":1532441776,\"expiryDate\":null,\"enabled\":1,\"parentId\":null,\"fields\":[]}', '2018-07-24 14:16:16', '2018-07-24 14:16:16', 'b38ee2e7-a397-4238-8761-0bfc282c16cd'),
 ('2', '2', '1', '1', 'en_gb', '2', NULL, '{\"typeId\":null,\"authorId\":null,\"title\":\"Welcome to Brewery.local.statik.be!\",\"slug\":\"homepage\",\"postDate\":1532441776,\"expiryDate\":null,\"enabled\":\"1\",\"parentId\":null,\"fields\":{\"1\":\"<p>It\\u2019s true, this site doesn\\u2019t have a whole lot of content yet, but don\\u2019t worry. Our web developers have just installed the CMS, and they\\u2019re setting things up for the content editors this very moment. Soon Brewery.local.statik.be will be an oasis of fresh perspectives, sharp analyses, and astute opinions that will keep you coming back again and again.<\\/p>\"}}', '2018-07-24 14:16:16', '2018-07-24 14:16:16', 'cafa2ae3-862f-4da3-abf1-cd561a9d8193'),
 ('3', '3', '2', '1', 'en_gb', '1', NULL, '{\"typeId\":\"2\",\"authorId\":\"1\",\"title\":\"We just installed Craft!\",\"slug\":\"we-just-installed-craft\",\"postDate\":1532441776,\"expiryDate\":null,\"enabled\":1,\"parentId\":null,\"fields\":[]}', '2018-07-24 14:16:16', '2018-07-24 14:16:16', '7a3b6b6e-ba89-40de-bc48-af82267e8ee0'),
 ('4', '2', '1', '1', 'en_gb', '3', '', '{\"typeId\":null,\"authorId\":null,\"title\":\"Welcome to Brewery.local.statik.be!\",\"slug\":\"homepage\",\"postDate\":1532441776,\"expiryDate\":null,\"enabled\":1,\"parentId\":null,\"fields\":{\"1\":\"<p>It\\u2019s true, this site doesn\\u2019t have a whole lot of content yet, but don\\u2019t worry. Our web developers have just installed the CMS, and they\\u2019re setting things up for the content editors this very moment. Soon Brewery.local.statik.be will be an oasis of fresh perspectives, sharp analyses, and astute opinions that will keep you coming back again and again.<\\/p>\"}}', '2018-07-25 06:07:47', '2018-07-25 06:07:47', 'f0c7a46a-05af-4405-a37a-55a74d8c438a'),
 ('5', '3', '2', '1', 'en_gb', '2', '', '{\"typeId\":\"2\",\"authorId\":\"1\",\"title\":\"We just installed Craft!\",\"slug\":\"we-just-installed-craft\",\"postDate\":1532441760,\"expiryDate\":null,\"enabled\":1,\"parentId\":null,\"fields\":{\"1\":\"<p>Craft is the CMS that\\u2019s powering Brewery.local.statik.be. It\\u2019s beautiful, powerful, flexible, and easy-to-use, and it\\u2019s made by Pixel & Tonic. We can\\u2019t wait to dive in and see what it\\u2019s capable of!<\\/p>\\r\\n<hr class=\\\"redactor_pagebreak\\\" style=\\\"display:none\\\" unselectable=\\\"on\\\" contenteditable=\\\"false\\\">\\r\\n<p>This is even more captivating content, which you couldn\\u2019t see on the News index page because it was entered after a Page Break, and the News index template only likes to show the content on the first page.<\\/p>\\r\\n<p>Craft: a nice alternative to Word, if you\\u2019re making a website.<\\/p>\",\"3\":\"<p>Lorem ipsum dolor sit amet, consectetur adipiscing elit. Phasellus nec lacus enim. Proin interdum augue sed erat consectetur, eget condimentum sapien fermentum.&nbsp;<\\/p>\"}}', '2018-07-25 12:22:42', '2018-07-25 12:22:42', '7638dda9-4a91-4565-8503-ae7bad016b75'),
 ('6', '3', '2', '1', 'en_gb', '3', '', '{\"typeId\":\"2\",\"authorId\":\"1\",\"title\":\"We just installed Craft!\",\"slug\":\"we-just-installed-craft\",\"postDate\":1532441760,\"expiryDate\":null,\"enabled\":1,\"parentId\":null,\"fields\":{\"1\":\"<p>Craft is the CMS that\\u2019s powering Brewery.local.statik.be. It\\u2019s beautiful, powerful, flexible, and easy-to-use, and it\\u2019s made by Pixel & Tonic. We can\\u2019t wait to dive in and see what it\\u2019s capable of!<\\/p>\\r\\n<hr class=\\\"redactor_pagebreak\\\" style=\\\"display:none\\\" unselectable=\\\"on\\\" contenteditable=\\\"false\\\">\\r\\n<p>This is even more captivating content, which you couldn\\u2019t see on the News index page because it was entered after a Page Break, and the News index template only likes to show the content on the first page.<\\/p>\\r\\n<p>Craft: a nice alternative to Word, if you\\u2019re making a website.<\\/p>\",\"3\":\"<p>Lorem ipsum dolor sit amet, consectetur adipiscing elit. Phasellus nec lacus enim. Proin interdum augue sed erat consectetur, eget condimentum sapien fermentum. <\\/p>\"}}', '2018-07-25 12:24:03', '2018-07-25 12:24:03', '6abf8ffa-fb4b-4dc9-b87d-03a03c75885b'),
 ('12', '5', '4', '1', 'en_gb', '1', '', '{\"typeId\":null,\"authorId\":\"1\",\"title\":\"About brewery\",\"slug\":\"about\",\"postDate\":1532590048,\"expiryDate\":null,\"enabled\":1,\"parentId\":\"\",\"fields\":{\"1\":\"<h2>What is Lorem Ipsum?<\\/h2>\\r\\n<p><strong>Lorem Ipsum<\\/strong>&nbsp;is simply dummy text of the printing and typesetting industry. Lorem Ipsum has been the industry\'s standard dummy text ever since the 1500s, when an unknown printer took a galley of type and scrambled it to make a type specimen book. It has survived not only five centuries, but also the leap into electronic typesetting, remaining essentially unchanged. It was popularised in the 1960s with the release of Letraset sheets containing Lorem Ipsum passages, and more recently with desktop publishing software like Aldus PageMaker including versions of Lorem Ipsum.\\r\\n<\\/p>\\r\\n<h2>Why do we use it?<\\/h2>\\r\\n<p>It is a long established fact that a reader will be distracted by the readable content of a page when looking at its layout. The point of using Lorem Ipsum is that it has a more-or-less normal distribution of letters, as opposed to using \'Content here, content here\', making it look like readable English. Many desktop publishing packages and web page editors now use Lorem Ipsum as their default model text, and a search for \'lorem ipsum\' will uncover many web sites still in their infancy. Various versions have evolved over the years, sometimes by accident, sometimes on purpose (injected humour and the like).\\r\\n<br><\\/p>\"}}', '2018-07-26 07:27:28', '2018-07-26 07:27:28', '303681ae-0a57-449b-9a64-1a0906e06d8e'),
 ('13', '6', '4', '1', 'en_gb', '1', '', '{\"typeId\":null,\"authorId\":\"1\",\"title\":\"Offices\",\"slug\":\"offices\",\"postDate\":1532590092,\"expiryDate\":null,\"enabled\":1,\"parentId\":\"5\",\"fields\":{\"1\":\"<h2>What is Lorem Ipsum?<\\/h2>\\r\\n<p><strong>Lorem Ipsum<\\/strong>&nbsp;is simply dummy text of the printing and typesetting industry. Lorem Ipsum has been the industry\'s standard dummy text ever since the 1500s, when an unknown printer took a galley of type and scrambled it to make a type specimen book. It has survived not only five centuries, but also the leap into electronic typesetting, remaining essentially unchanged. It was popularised in the 1960s with the release of Letraset sheets containing Lorem Ipsum passages, and more recently with desktop publishing software like Aldus PageMaker including versions of Lorem Ipsum.\\r\\n<\\/p>\\r\\n<h2>Why do we use it?<\\/h2>\\r\\n<p>It is a long established fact that a reader will be distracted by the readable content of a page when looking at its layout. The point of using Lorem Ipsum is that it has a more-or-less normal distribution of letters, as opposed to using \'Content here, content here\', making it look like readable English. Many desktop publishing packages and web page editors now use Lorem Ipsum as their default model text, and a search for \'lorem ipsum\' will uncover many web sites still in their infancy. Various versions have evolved over the years, sometimes by accident, sometimes on purpose (injected humour and the like).\\r\\n<br><\\/p><p><\\/p>\"}}', '2018-07-26 07:28:12', '2018-07-26 07:28:12', '2fa25a3b-e982-4a9e-baca-4dea3fbffe41'),
 ('14', '7', '4', '1', 'en_gb', '1', '', '{\"typeId\":null,\"authorId\":\"1\",\"title\":\"Austin, TX Office\",\"slug\":\"austin\",\"postDate\":1532590156,\"expiryDate\":null,\"enabled\":1,\"parentId\":\"6\",\"fields\":{\"1\":\"<p><\\/p><h2>What is Lorem Ipsum?<\\/h2>\\r\\n<p><strong>Lorem Ipsum<\\/strong>&nbsp;is simply dummy text of the printing and typesetting industry. Lorem Ipsum has been the industry\'s standard dummy text ever since the 1500s, when an unknown printer took a galley of type and scrambled it to make a type specimen book. It has survived not only five centuries, but also the leap into electronic typesetting, remaining essentially unchanged. It was popularised in the 1960s with the release of Letraset sheets containing Lorem Ipsum passages, and more recently with desktop publishing software like Aldus PageMaker including versions of Lorem Ipsum.\\r\\n<\\/p>\\r\\n<h2>Why do we use it?<\\/h2>\\r\\n<p>It is a long established fact that a reader will be distracted by the readable content of a page when looking at its layout. The point of using Lorem Ipsum is that it has a more-or-less normal distribution of letters, as opposed to using \'Content here, content here\', making it look like readable English. Many desktop publishing packages and web page editors now use Lorem Ipsum as their default model text, and a search for \'lorem ipsum\' will uncover many web sites still in their infancy. Various versions have evolved over the years, sometimes by accident, sometimes on purpose (injected humour and the like).\\r\\n<br><\\/p>\"}}', '2018-07-26 07:29:16', '2018-07-26 07:29:16', '81f35fd7-c18f-4591-9ade-e9601b926c50'),
 ('15', '8', '4', '1', 'en_gb', '1', NULL, '{\"typeId\":null,\"authorId\":\"1\",\"title\":\"Team\",\"slug\":\"team\",\"postDate\":1532590248,\"expiryDate\":null,\"enabled\":1,\"parentId\":null,\"fields\":{\"1\":\"<p><\\/p><h2>What is Lorem Ipsum?<\\/h2>\\r\\n<p><strong>Lorem Ipsum<\\/strong>&nbsp;is simply dummy text of the printing and typesetting industry. Lorem Ipsum has been the industry\'s standard dummy text ever since the 1500s, when an unknown printer took a galley of type and scrambled it to make a type specimen book. It has survived not only five centuries, but also the leap into electronic typesetting, remaining essentially unchanged. It was popularised in the 1960s with the release of Letraset sheets containing Lorem Ipsum passages, and more recently with desktop publishing software like Aldus PageMaker including versions of Lorem Ipsum.\\r\\n<\\/p>\\r\\n<h2><\\/h2>\"}}', '2018-07-26 07:30:49', '2018-07-26 07:30:49', '7b983853-d9f6-4a23-863f-5f9900470245'),
 ('16', '9', '4', '1', 'en_gb', '1', '', '{\"typeId\":null,\"authorId\":\"1\",\"title\":\"Profile Lynn\",\"slug\":\"lynn\",\"postDate\":1532590266,\"expiryDate\":null,\"enabled\":1,\"parentId\":\"8\",\"fields\":{\"1\":\"<p><\\/p><h2>What is Lorem Ipsum?<\\/h2>\\r\\n<p><strong>Lorem Ipsum<\\/strong>&nbsp;is simply dummy text of the printing and typesetting industry. Lorem Ipsum has been the industry\'s standard dummy text ever since the 1500s, when an unknown printer took a galley of type and scrambled it to make a type specimen book. It has survived not only five centuries, but also the leap into electronic typesetting, remaining essentially unchanged. It was popularised in the 1960s with the release of Letraset sheets containing Lorem Ipsum passages, and more recently with desktop publishing software like Aldus PageMaker including versions of Lorem Ipsum.\\r\\n<\\/p>\\r\\n<h2>Why do we use it?<\\/h2>\\r\\n<p>It is a long established fact that a reader will be distracted by the readable content of a page when looking at its layout. The point of using Lorem Ipsum is that it has a more-or-less normal distribution of letters, as opposed to using \'Content here, content here\', making it look like readable English. Many desktop publishing packages and web page editors now use Lorem Ipsum as their default model text, and a search for \'lorem ipsum\' will uncover many web sites still in their infancy. Various versions have evolved over the years, sometimes by accident, sometimes on purpose (injected humour and the like).\\r\\n<br><\\/p>\"}}', '2018-07-26 07:31:07', '2018-07-26 07:31:07', '54128c34-25bc-41db-8c6d-12b542217487'),
 ('17', '5', '4', '1', 'en_gb', '2', '', '{\"typeId\":\"4\",\"authorId\":\"1\",\"title\":\"About brewery\",\"slug\":\"about\",\"postDate\":1532590020,\"expiryDate\":null,\"enabled\":1,\"parentId\":\"\",\"fields\":{\"1\":\"<h2>What is Lorem Ipsum?<\\/h2>\\r\\n<p><strong>Lorem Ipsum<\\/strong> is simply dummy text of the printing and typesetting industry. Lorem Ipsum has been the industry\'s standard dummy text ever since the 1500s, when an unknown printer took a galley of type and scrambled it to make a type specimen book. It has survived not only five centuries, but also the leap into electronic typesetting, remaining essentially unchanged. It was popularised in the 1960s with the release of Letraset sheets containing Lorem Ipsum passages, and more recently with desktop publishing software like Aldus PageMaker including versions of Lorem Ipsum.\\r\\n<\\/p>\\r\\n<h2>Why do we use it?<\\/h2>\\r\\n<p>It is a long established fact that a reader will be distracted by the readable content of a page when looking at its layout. The point of using Lorem Ipsum is that it has a more-or-less normal distribution of letters, as opposed to using \'Content here, content here\', making it look like readable English. Many desktop publishing packages and web page editors now use Lorem Ipsum as their default model text, and a search for \'lorem ipsum\' will uncover many web sites still in their infancy. Various versions have evolved over the years, sometimes by accident, sometimes on purpose (injected humour and the like).\\r\\n<br><\\/p>\",\"5\":[\"10\"]}}', '2018-07-26 08:31:41', '2018-07-26 08:31:41', '9f11e521-bfd5-499d-9516-db77df2a1507'),
 ('19', '2', '1', '1', 'en_gb', '4', '', '{\"typeId\":null,\"authorId\":null,\"title\":\"Crafty brewery\",\"slug\":\"homepage\",\"postDate\":1532441776,\"expiryDate\":null,\"enabled\":1,\"parentId\":null,\"fields\":{\"1\":\"<p>It\\u2019s true, this site doesn\\u2019t have a whole lot of content yet, but don\\u2019t worry. Our web developers have just installed the CMS, and they\\u2019re setting things up for the content editors this very moment. Soon Brewery.local.statik.be will be an oasis of fresh perspectives, sharp analyses, and astute opinions that will keep you coming back again and again.<\\/p>\"}}', '2018-07-26 08:53:03', '2018-07-26 08:53:03', 'e7dfa54b-f117-44b1-bcec-9e8be2e4c9d4'),
 ('20', '2', '1', '1', 'en_gb', '5', '', '{\"typeId\":null,\"authorId\":null,\"title\":\"Crafty brewery\",\"slug\":\"homepage\",\"postDate\":1532441776,\"expiryDate\":null,\"enabled\":1,\"parentId\":null,\"fields\":{\"6\":\"If we wrote it down, you can brew it at home.\"}}', '2018-07-26 08:56:57', '2018-07-26 08:56:57', '67a4de78-1819-45e6-962e-4f9f49dd6e8f'),
 ('21', '2', '1', '1', 'en_gb', '6', '', '{\"typeId\":null,\"authorId\":null,\"title\":\"Crafty brewery\",\"slug\":\"homepage\",\"postDate\":1532441776,\"expiryDate\":null,\"enabled\":1,\"parentId\":null,\"fields\":{\"6\":\"If we wrote it down, you can brew it at home.\"}}', '2018-07-26 08:57:13', '2018-07-26 08:57:13', '514e483e-13bb-476f-bee7-a376dceb0ad5'),
 ('23', '15', '3', '1', 'en_gb', '1', '', '{\"typeId\":null,\"authorId\":\"1\",\"title\":\"Victoy Hop Brew\",\"slug\":\"victoy-hop-brew\",\"postDate\":1533035614,\"expiryDate\":null,\"enabled\":1,\"parentId\":null,\"fields\":{\"5\":[\"14\"],\"3\":\"<p><strong>Lorem Ipsum<\\/strong>&nbsp;is simply dummy text of the printing and typesetting industry. Lorem Ipsum has been the industry\'s standard dummy text ever since the 1500s, when an unknown printer took a galley of type and scrambled it to make a type specimen book. It has survived not only five centuries, but also the leap into electronic typesetting.<\\/p>\",\"4\":\"<p><strong>Lorem Ipsum<\\/strong>&nbsp;is simply dummy text of the printing and typesetting industry. Lorem Ipsum has been the industry\'s standard dummy text ever since the 1500s, when an unknown printer took a galley of type and scrambled it to make a type specimen book. It has survived not only five centuries, but also the leap into electronic typesetting, remaining essentially unchanged. It was popularised in the 1960s with the release of Letraset sheets containing Lorem Ipsum passages, and more recently with desktop publishing software like Aldus PageMaker including versions of Lorem Ipsum.<\\/p><p><strong>Lorem Ipsum<\\/strong>&nbsp;is simply dummy text of the printing and typesetting industry. Lorem Ipsum has been the industry\'s standard dummy text ever since the 1500s, when an unknown printer took a galley of type and scrambled it to make a type specimen book. It has survived not only five centuries, but also the leap into electronic typesetting, remaining essentially unchanged. It was popularised in the 1960s with the release of Letraset sheets containing Lorem Ipsum passages, and more recently with desktop publishing software like Aldus PageMaker including versions of Lorem Ipsum.<\\/p><p><strong>Lorem Ipsum<\\/strong>&nbsp;is simply dummy text of the printing and typesetting industry. Lorem Ipsum has been the industry\'s standard dummy text ever since the 1500s, when an unknown printer took a galley of type and scrambled it to make a type specimen book. It has survived not only five centuries, but also the leap into electronic typesetting, remaining essentially unchanged. It was popularised in the 1960s with the release of Letraset sheets containing Lorem Ipsum passages, and more recently with desktop publishing software like Aldus PageMaker including versions of Lorem Ipsum.\\r\\n<\\/p><p><br><\\/p>\"}}', '2018-07-31 11:13:34', '2018-07-31 11:13:34', '35928863-fb31-4146-a748-156883e9a2a0'),
 ('24', '15', '3', '1', 'en_gb', '2', '', '{\"typeId\":\"3\",\"authorId\":\"1\",\"title\":\"Victoy Hop Brew\",\"slug\":\"victoy-hop-brew\",\"postDate\":1533035580,\"expiryDate\":null,\"enabled\":1,\"parentId\":null,\"fields\":{\"5\":[\"14\"],\"3\":\"<p><strong>Lorem Ipsum<\\/strong> is simply dummy text of the printing and typesetting industry. Lorem Ipsum has been the industry\'s standard dummy text ever since the 1500s, when an unknown printer took a galley of type and scrambled it to make a type specimen book. It has survived not only five centuries, but also the leap into electronic typesetting.<\\/p>\",\"4\":\"<p><strong>Lorem Ipsum<\\/strong> is simply dummy text of the printing and typesetting industry. Lorem Ipsum has been the industry\'s standard dummy text ever since the 1500s, when an unknown printer took a galley of type and scrambled it to make a type specimen book. It has survived not only five centuries, but also the leap into electronic typesetting, remaining essentially unchanged. It was popularised in the 1960s with the release of Letraset sheets containing Lorem Ipsum passages, and more recently with desktop publishing software like Aldus PageMaker including versions of Lorem Ipsum.<\\/p>\\r\\n<p><strong>Lorem Ipsum<\\/strong> is simply dummy text of the printing and typesetting industry. Lorem Ipsum has been the industry\'s standard dummy text ever since the 1500s, when an unknown printer took a galley of type and scrambled it to make a type specimen book. It has survived not only five centuries, but also the leap into electronic typesetting, remaining essentially unchanged. It was popularised in the 1960s with the release of Letraset sheets containing Lorem Ipsum passages, and more recently with desktop publishing software like Aldus PageMaker including versions of Lorem Ipsum.<\\/p>\\r\\n<p><strong>Lorem Ipsum<\\/strong> is simply dummy text of the printing and typesetting industry. Lorem Ipsum has been the industry\'s standard dummy text ever since the 1500s, when an unknown printer took a galley of type and scrambled it to make a type specimen book. It has survived not only five centuries, but also the leap into electronic typesetting, remaining essentially unchanged. It was popularised in the 1960s with the release of Letraset sheets containing Lorem Ipsum passages, and more recently with desktop publishing software like Aldus PageMaker including versions of Lorem Ipsum.\\r\\n<\\/p>\\r\\n<p><br><\\/p>\"}}', '2018-07-31 11:15:33', '2018-07-31 11:15:33', '2c951008-e345-4975-8fff-b49aad69b4dc'),
 ('25', '15', '3', '1', 'en_gb', '3', '', '{\"typeId\":\"3\",\"authorId\":\"1\",\"title\":\"Victory Hop Brew\",\"slug\":\"victoy-hop-brew\",\"postDate\":1533035580,\"expiryDate\":null,\"enabled\":1,\"parentId\":null,\"fields\":{\"5\":[\"14\"],\"3\":\"<p><strong>Lorem Ipsum<\\/strong> is simply dummy text of the printing and typesetting industry. Lorem Ipsum has been the industry\'s standard dummy text ever since the 1500s, when an unknown printer took a galley of type and scrambled it to make a type specimen book. It has survived not only five centuries, but also the leap into electronic typesetting.<\\/p>\",\"4\":\"<p><strong>Lorem Ipsum<\\/strong> is simply dummy text of the printing and typesetting industry. Lorem Ipsum has been the industry\'s standard dummy text ever since the 1500s, when an unknown printer took a galley of type and scrambled it to make a type specimen book. It has survived not only five centuries, but also the leap into electronic typesetting, remaining essentially unchanged. It was popularised in the 1960s with the release of Letraset sheets containing Lorem Ipsum passages, and more recently with desktop publishing software like Aldus PageMaker including versions of Lorem Ipsum.<\\/p>\\r\\n<p><strong>Lorem Ipsum<\\/strong> is simply dummy text of the printing and typesetting industry. Lorem Ipsum has been the industry\'s standard dummy text ever since the 1500s, when an unknown printer took a galley of type and scrambled it to make a type specimen book. It has survived not only five centuries, but also the leap into electronic typesetting, remaining essentially unchanged. It was popularised in the 1960s with the release of Letraset sheets containing Lorem Ipsum passages, and more recently with desktop publishing software like Aldus PageMaker including versions of Lorem Ipsum.<\\/p>\\r\\n<p><strong>Lorem Ipsum<\\/strong> is simply dummy text of the printing and typesetting industry. Lorem Ipsum has been the industry\'s standard dummy text ever since the 1500s, when an unknown printer took a galley of type and scrambled it to make a type specimen book. It has survived not only five centuries, but also the leap into electronic typesetting, remaining essentially unchanged. It was popularised in the 1960s with the release of Letraset sheets containing Lorem Ipsum passages, and more recently with desktop publishing software like Aldus PageMaker including versions of Lorem Ipsum.\\r\\n<\\/p>\\r\\n<p><br><\\/p>\"}}', '2018-07-31 12:11:25', '2018-07-31 12:11:25', 'acc16cec-ba36-4908-aa9d-714014e6d84a'),
 ('26', '15', '3', '1', 'en_gb', '4', '', '{\"typeId\":\"3\",\"authorId\":\"1\",\"title\":\"Victory Hop Brew\",\"slug\":\"victoy-hop-brew\",\"postDate\":1533035580,\"expiryDate\":null,\"enabled\":1,\"parentId\":null,\"fields\":{\"5\":[\"14\"],\"3\":\"<p><strong>Lorem Ipsum<\\/strong> is simply dummy text of the printing and typesetting industry. Lorem Ipsum has been the industry\'s standard dummy text ever since the 1500s, when an unknown printer took a galley of type and scrambled it to make a type specimen book. It has survived not only five centuries, but also the leap into electronic typesetting.<\\/p>\",\"4\":\"<p><strong>Lorem Ipsum<\\/strong> is simply dummy text of the printing and typesetting industry. Lorem Ipsum has been the industry\'s standard dummy text ever since the 1500s, when an unknown printer took a galley of type and scrambled it to make a type specimen book. It has survived not only five centuries, but also the leap into electronic typesetting, remaining essentially unchanged. It was popularised in the 1960s with the release of Letraset sheets containing Lorem Ipsum passages, and more recently with desktop publishing software like Aldus PageMaker including versions of Lorem Ipsum.<\\/p>\\r\\n<p><strong>Lorem Ipsum<\\/strong> is simply dummy text of the printing and typesetting industry. Lorem Ipsum has been the industry\'s standard dummy text ever since the 1500s, when an unknown printer took a galley of type and scrambled it to make a type specimen book. It has survived not only five centuries, but also the leap into electronic typesetting, remaining essentially unchanged. It was popularised in the 1960s with the release of Letraset sheets containing Lorem Ipsum passages, and more recently with desktop publishing software like Aldus PageMaker including versions of Lorem Ipsum.<\\/p>\\r\\n<p><strong>Lorem Ipsum<\\/strong> is simply dummy text of the printing and typesetting industry. Lorem Ipsum has been the industry\'s standard dummy text ever since the 1500s, when an unknown printer took a galley of type and scrambled it to make a type specimen book. It has survived not only five centuries, but also the leap into electronic typesetting, remaining essentially unchanged. It was popularised in the 1960s with the release of Letraset sheets containing Lorem Ipsum passages, and more recently with desktop publishing software like Aldus PageMaker including versions of Lorem Ipsum.\\r\\n<\\/p>\\r\\n<p><br><\\/p>\"}}', '2018-07-31 12:14:40', '2018-07-31 12:14:40', '40893d5b-90b8-4d81-95d5-15d6c1306291'),
 ('27', '15', '3', '1', 'en_gb', '5', '', '{\"typeId\":\"3\",\"authorId\":\"1\",\"title\":\"Victory Hop Brew\",\"slug\":\"victory-hop-brew\",\"postDate\":1533035580,\"expiryDate\":null,\"enabled\":1,\"parentId\":null,\"fields\":{\"5\":[\"14\"],\"3\":\"<p><strong>Lorem Ipsum<\\/strong> is simply dummy text of the printing and typesetting industry. Lorem Ipsum has been the industry\'s standard dummy text ever since the 1500s, when an unknown printer took a galley of type and scrambled it to make a type specimen book. It has survived not only five centuries, but also the leap into electronic typesetting.<\\/p>\",\"4\":\"<p><strong>Lorem Ipsum<\\/strong> is simply dummy text of the printing and typesetting industry. Lorem Ipsum has been the industry\'s standard dummy text ever since the 1500s, when an unknown printer took a galley of type and scrambled it to make a type specimen book. It has survived not only five centuries, but also the leap into electronic typesetting, remaining essentially unchanged. It was popularised in the 1960s with the release of Letraset sheets containing Lorem Ipsum passages, and more recently with desktop publishing software like Aldus PageMaker including versions of Lorem Ipsum.<\\/p>\\r\\n<p><strong>Lorem Ipsum<\\/strong> is simply dummy text of the printing and typesetting industry. Lorem Ipsum has been the industry\'s standard dummy text ever since the 1500s, when an unknown printer took a galley of type and scrambled it to make a type specimen book. It has survived not only five centuries, but also the leap into electronic typesetting, remaining essentially unchanged. It was popularised in the 1960s with the release of Letraset sheets containing Lorem Ipsum passages, and more recently with desktop publishing software like Aldus PageMaker including versions of Lorem Ipsum.<\\/p>\\r\\n<p><strong>Lorem Ipsum<\\/strong> is simply dummy text of the printing and typesetting industry. Lorem Ipsum has been the industry\'s standard dummy text ever since the 1500s, when an unknown printer took a galley of type and scrambled it to make a type specimen book. It has survived not only five centuries, but also the leap into electronic typesetting, remaining essentially unchanged. It was popularised in the 1960s with the release of Letraset sheets containing Lorem Ipsum passages, and more recently with desktop publishing software like Aldus PageMaker including versions of Lorem Ipsum.\\r\\n<\\/p>\\r\\n<p><br><\\/p>\"}}', '2018-07-31 12:16:29', '2018-07-31 12:16:29', 'dbedd208-738a-4579-a867-f1cdfbffd68b'),
 ('28', '16', '3', '1', 'en_gb', '1', '', '{\"typeId\":null,\"authorId\":\"1\",\"title\":\"Mystery Brew\",\"slug\":\"mystery-brew\",\"postDate\":1533041654,\"expiryDate\":null,\"enabled\":1,\"parentId\":null,\"fields\":{\"5\":[\"10\"],\"3\":\"<p><\\/p><p><strong>Lorem Ipsum<\\/strong>&nbsp;is simply dummy text of the printing and typesetting industry. Lorem Ipsum has been the industry\'s standard dummy text ever since the 1500s, when an unknown printer took a galley of type and scrambled it to make a type specimen book. It has survived not only five centuries, but also the leap into electronic typesetting.<\\/p>\",\"4\":\"<p><\\/p><p><strong>Lorem Ipsum<\\/strong>&nbsp;is simply dummy text of the printing and typesetting industry. Lorem Ipsum has been the industry\'s standard dummy text ever since the 1500s, when an unknown printer took a galley of type and scrambled it to make a type specimen book. It has survived not only five centuries, but also the leap into electronic typesetting, remaining essentially unchanged. It was popularised in the 1960s with the release of Letraset sheets containing Lorem Ipsum passages, and more recently with desktop publishing software like Aldus PageMaker including versions of Lorem Ipsum.\\r\\n<\\/p>\"}}', '2018-07-31 12:54:14', '2018-07-31 12:54:14', '6ba0eb30-7d37-4873-9598-73ecc1e1e05d'),
 ('29', '17', '3', '1', 'en_gb', '1', '', '{\"typeId\":null,\"authorId\":\"1\",\"title\":\"Mystery Hop\",\"slug\":\"mystery-hop\",\"postDate\":1533041689,\"expiryDate\":null,\"enabled\":1,\"parentId\":null,\"fields\":{\"5\":[\"14\"],\"3\":\"<p><\\/p><p><strong>Lorem Ipsum<\\/strong>&nbsp;is simply dummy text of the printing and typesetting industry. Lorem Ipsum has been the industry\'s standard dummy text ever since the 1500s, when an unknown printer took a galley of type and scrambled it to make a type specimen book. It has survived not only five centuries, but also the leap into electronic typesetting.<\\/p>\",\"4\":\"<p><\\/p><p><strong>Lorem Ipsum<\\/strong>&nbsp;is simply dummy text of the printing and typesetting industry. Lorem Ipsum has been the industry\'s standard dummy text ever since the 1500s, when an unknown printer took a galley of type and scrambled it to make a type specimen book. It has survived not only five centuries, but also the leap into electronic typesetting, remaining essentially unchanged. It was popularised in the 1960s with the release of Letraset sheets containing Lorem Ipsum passages, and more recently with desktop publishing software like Aldus PageMaker including versions of Lorem Ipsum.\\r\\n<\\/p>\"}}', '2018-07-31 12:54:50', '2018-07-31 12:54:50', '73a42a13-0599-4d7b-bc5f-194e572cc69a'),
 ('30', '17', '3', '1', 'en_gb', '2', '', '{\"typeId\":\"3\",\"authorId\":\"1\",\"title\":\"Mystery Hop\",\"slug\":\"mystery-hop\",\"postDate\":1533041640,\"expiryDate\":null,\"enabled\":1,\"parentId\":null,\"fields\":{\"5\":[\"14\"],\"3\":\"<p><strong>Lorem Ipsum<\\/strong> is simply dummy text of the printing and typesetting industry. Lorem Ipsum has been the industry\'s standard dummy text ever since the 1500s, when an unknown printer took a galley of type and scrambled it to make a type specimen book. It has survived not only five centuries, but also the leap into electronic typesetting.<\\/p>\",\"4\":\"<p><strong>Lorem Ipsum<\\/strong> is simply dummy text of the printing and typesetting industry. Lorem Ipsum has been the industry\'s standard dummy text ever since the 1500s, when an unknown printer took a galley of type and scrambled it to make a type specimen book. It has survived not only five centuries, but also the leap into electronic typesetting, remaining essentially unchanged. It was popularised in the 1960s with the release of Letraset sheets containing Lorem Ipsum passages, and more recently with desktop publishing software like Aldus PageMaker including versions of Lorem Ipsum.\\r\\n<\\/p>\"}}', '2018-07-31 12:54:52', '2018-07-31 12:54:52', 'e2b8c31d-3684-4fbd-ac3d-22cc8ff3db74'),
 ('31', '18', '2', '1', 'en_gb', '1', '', '{\"typeId\":null,\"authorId\":\"1\",\"title\":\"Another news item\",\"slug\":\"another-news-item\",\"postDate\":1533042234,\"expiryDate\":null,\"enabled\":1,\"parentId\":null,\"fields\":{\"1\":\"<p><strong>Lorem Ipsum<\\/strong>&nbsp;is simply dummy text of the printing and typesetting industry. Lorem Ipsum has been the industry\'s standard dummy text ever since the 1500s, when an unknown printer took a galley of type and scrambled it to make a type specimen book. It has survived not only five centuries, but also the leap into electronic typesetting, remaining essentially unchanged. It was popularised in the 1960s with the release of Letraset sheets containing Lorem Ipsum passages, and more recently with desktop publishing software like Aldus PageMaker including versions of Lorem Ipsum.<\\/p>\",\"3\":\"<p><strong>Lorem Ipsum<\\/strong>&nbsp;is simply dummy text of the printing and typesetting industry. Lorem Ipsum has been the industry\'s standard dummy text ever since the 1500s, when an unknown printer took a galley of type and scrambled it to make a type specimen book. It has survived not only five centuries, but also the leap into electronic typesetting.<\\/p>\"}}', '2018-07-31 13:03:55', '2018-07-31 13:03:55', 'f5755d1d-7e28-4ba7-bce4-5c6f12f77795'),
 ('32', '19', '2', '1', 'en_gb', '1', '', '{\"typeId\":null,\"authorId\":\"1\",\"title\":\"Yet another news item\",\"slug\":\"yet-another-news-item\",\"postDate\":1533042262,\"expiryDate\":null,\"enabled\":1,\"parentId\":null,\"fields\":{\"1\":\"<p><\\/p><p><strong>Lorem Ipsum<\\/strong>&nbsp;is simply dummy text of the printing and typesetting industry. Lorem Ipsum has been the industry\'s standard dummy text ever since the 1500s, when an unknown printer took a galley of type and scrambled it to make a type specimen book. It has survived not only five centuries, but also the leap into electronic typesetting, remaining essentially unchanged. It was popularised in the 1960s with the release of Letraset sheets containing Lorem Ipsum passages, and more recently with desktop publishing software like Aldus PageMaker including versions of Lorem Ipsum.\\r\\n<\\/p><p><strong>Lorem Ipsum<\\/strong>&nbsp;is simply dummy text of the printing and typesetting industry. Lorem Ipsum has been the industry\'s standard dummy text ever since the 1500s, when an unknown printer took a galley of type and scrambled it to make a type specimen book. It has survived not only five centuries, but also the leap into electronic typesetting, remaining essentially unchanged. It was popularised in the 1960s with the release of Letraset sheets containing Lorem Ipsum passages, and more recently with desktop publishing software like Aldus PageMaker including versions of Lorem Ipsum.\\r\\n<\\/p><p><br><\\/p>\",\"3\":\"<p><\\/p><p><strong>Lorem Ipsum<\\/strong>&nbsp;is simply dummy text of the printing and typesetting industry. Lorem Ipsum has been the industry\'s standard dummy text ever since the 1500s, when an unknown printer took a galley of type and scrambled it to make a type specimen book. It has survived not only five centuries, but also the leap into electronic typesetting<\\/p>\"}}', '2018-07-31 13:04:23', '2018-07-31 13:04:23', '7822d7a1-a54b-45db-a93b-816684624dc4'),
 ('33', '2', '1', '1', 'en_gb', '7', '', '{\"typeId\":null,\"authorId\":null,\"title\":\"Crafty brewery\",\"slug\":\"homepage\",\"postDate\":1532441776,\"expiryDate\":null,\"enabled\":1,\"parentId\":null,\"fields\":{\"8\":[{\"col1\":\"See Our Brews\",\"col2\":\"\\/brews\"},{\"col1\":\"Brew Our Brew\",\"col2\":\"\\/recipes\"}],\"6\":\"If we wrote it down, you can brew it at home.\"}}', '2018-07-31 13:23:22', '2018-07-31 13:23:22', 'c02ac175-44e5-4be4-aa58-fd136b351f94'),
 ('34', '16', '3', '1', 'en_gb', '2', '', '{\"typeId\":\"3\",\"authorId\":\"1\",\"title\":\"Mystery Brew\",\"slug\":\"mystery-brew\",\"postDate\":1533041640,\"expiryDate\":null,\"enabled\":1,\"parentId\":null,\"fields\":{\"5\":[\"10\"],\"10\":\"Stout\",\"3\":\"<p><strong>Lorem Ipsum<\\/strong> is simply dummy text of the printing and typesetting industry. Lorem Ipsum has been the industry\'s standard dummy text ever since the 1500s, when an unknown printer took a galley of type and scrambled it to make a type specimen book. It has survived not only five centuries, but also the leap into electronic typesetting.<\\/p>\",\"9\":{\"date\":\"11\\/06\\/2018\"},\"4\":\"<p><strong>Lorem Ipsum<\\/strong> is simply dummy text of the printing and typesetting industry. Lorem Ipsum has been the industry\'s standard dummy text ever since the 1500s, when an unknown printer took a galley of type and scrambled it to make a type specimen book. It has survived not only five centuries, but also the leap into electronic typesetting, remaining essentially unchanged. It was popularised in the 1960s with the release of Letraset sheets containing Lorem Ipsum passages, and more recently with desktop publishing software like Aldus PageMaker including versions of Lorem Ipsum.\\r\\n<\\/p>\"}}', '2018-08-01 07:04:36', '2018-08-01 07:04:36', 'b6efb534-4789-4cf6-8677-dfef42a31ee3'),
 ('35', '17', '3', '1', 'en_gb', '3', '', '{\"typeId\":\"3\",\"authorId\":\"1\",\"title\":\"Mystery Hop\",\"slug\":\"mystery-hop\",\"postDate\":1533041640,\"expiryDate\":null,\"enabled\":1,\"parentId\":null,\"fields\":{\"5\":[\"14\"],\"10\":\"Hop\",\"3\":\"<p><strong>Lorem Ipsum<\\/strong> is simply dummy text of the printing and typesetting industry. Lorem Ipsum has been the industry\'s standard dummy text ever since the 1500s, when an unknown printer took a galley of type and scrambled it to make a type specimen book. It has survived not only five centuries, but also the leap into electronic typesetting.<\\/p>\",\"9\":{\"date\":\"23\\/08\\/2018\"},\"4\":\"<p><strong>Lorem Ipsum<\\/strong> is simply dummy text of the printing and typesetting industry. Lorem Ipsum has been the industry\'s standard dummy text ever since the 1500s, when an unknown printer took a galley of type and scrambled it to make a type specimen book. It has survived not only five centuries, but also the leap into electronic typesetting, remaining essentially unchanged. It was popularised in the 1960s with the release of Letraset sheets containing Lorem Ipsum passages, and more recently with desktop publishing software like Aldus PageMaker including versions of Lorem Ipsum.\\r\\n<\\/p>\"}}', '2018-08-01 07:04:51', '2018-08-01 07:04:51', '8217cbb3-d87b-49c9-9c19-d52319b7d4ce'),
 ('36', '15', '3', '1', 'en_gb', '6', '', '{\"typeId\":\"3\",\"authorId\":\"1\",\"title\":\"Victory Hop Brew\",\"slug\":\"victory-hop-brew\",\"postDate\":1533035580,\"expiryDate\":null,\"enabled\":1,\"parentId\":null,\"fields\":{\"5\":[\"14\"],\"10\":\"Stout\",\"3\":\"<p><strong>Lorem Ipsum<\\/strong> is simply dummy text of the printing and typesetting industry. Lorem Ipsum has been the industry\'s standard dummy text ever since the 1500s, when an unknown printer took a galley of type and scrambled it to make a type specimen book. It has survived not only five centuries, but also the leap into electronic typesetting.<\\/p>\",\"9\":{\"date\":\"05\\/03\\/2018\"},\"4\":\"<p><strong>Lorem Ipsum<\\/strong> is simply dummy text of the printing and typesetting industry. Lorem Ipsum has been the industry\'s standard dummy text ever since the 1500s, when an unknown printer took a galley of type and scrambled it to make a type specimen book. It has survived not only five centuries, but also the leap into electronic typesetting, remaining essentially unchanged. It was popularised in the 1960s with the release of Letraset sheets containing Lorem Ipsum passages, and more recently with desktop publishing software like Aldus PageMaker including versions of Lorem Ipsum.<\\/p>\\r\\n<p><strong>Lorem Ipsum<\\/strong> is simply dummy text of the printing and typesetting industry. Lorem Ipsum has been the industry\'s standard dummy text ever since the 1500s, when an unknown printer took a galley of type and scrambled it to make a type specimen book. It has survived not only five centuries, but also the leap into electronic typesetting, remaining essentially unchanged. It was popularised in the 1960s with the release of Letraset sheets containing Lorem Ipsum passages, and more recently with desktop publishing software like Aldus PageMaker including versions of Lorem Ipsum.<\\/p>\\r\\n<p><strong>Lorem Ipsum<\\/strong> is simply dummy text of the printing and typesetting industry. Lorem Ipsum has been the industry\'s standard dummy text ever since the 1500s, when an unknown printer took a galley of type and scrambled it to make a type specimen book. It has survived not only five centuries, but also the leap into electronic typesetting, remaining essentially unchanged. It was popularised in the 1960s with the release of Letraset sheets containing Lorem Ipsum passages, and more recently with desktop publishing software like Aldus PageMaker including versions of Lorem Ipsum.\\r\\n<\\/p>\\r\\n<p><br><\\/p>\"}}', '2018-08-01 07:05:11', '2018-08-01 07:05:11', 'cafa5332-8b6c-4ee7-a63b-5be0b16a8716'),
 ('37', '5', '4', '1', 'en_gb', '3', '', '{\"typeId\":\"4\",\"authorId\":\"1\",\"title\":\"About brewery\",\"slug\":\"about\",\"postDate\":1532590020,\"expiryDate\":null,\"enabled\":1,\"parentId\":\"\",\"fields\":{\"1\":\"<h2><\\/h2>\\r\\n<p><strong>Lorem Ipsum<\\/strong> is simply dummy text of the printing and typesetting industry. Lorem Ipsum has been the industry\'s standard dummy text ever since the 1500s, when an unknown printer took a galley of type and scrambled it to make a type specimen book. It has survived not only five centuries, but also the leap into electronic typesetting, remaining essentially unchanged. It was popularised in the 1960s with the release of Letraset sheets containing Lorem Ipsum passages, and more recently with desktop publishing software like Aldus PageMaker including versions of Lorem Ipsum.\\r\\n<\\/p>\\r\\n<h2><\\/h2>\\r\\n<p>It is a long established fact that a reader will be distracted by the readable content of a page when looking at its layout. The point of using Lorem Ipsum is that it has a more-or-less normal distribution of letters, as opposed to using \'Content here, content here\', making it look like readable English. Many desktop publishing packages and web page editors now use Lorem Ipsum as their default model text, and a search for \'lorem ipsum\' will uncover many web sites still in their infancy. Various versions have evolved over the years, sometimes by accident, sometimes on purpose (injected humour and the like).\\r\\n<br><\\/p>\",\"3\":\"<p>What is Lorem Ipsum?<\\/p>\",\"6\":\"Here\'s a tagline\"}}', '2018-08-01 07:54:43', '2018-08-01 07:54:43', '5b219e94-e75e-40ba-9f1f-0b2eb103ec24'),
 ('38', '5', '4', '1', 'en_gb', '4', '', '{\"typeId\":\"4\",\"authorId\":\"1\",\"title\":\"About brewery\",\"slug\":\"about\",\"postDate\":1532590020,\"expiryDate\":null,\"enabled\":1,\"parentId\":\"\",\"fields\":{\"1\":\"<p><strong>Lorem Ipsum<\\/strong> is simply dummy text of the printing and typesetting industry. Lorem Ipsum has been the industry\'s standard dummy text ever since the 1500s, when an unknown printer took a galley of type and scrambled it to make a type specimen book. It has survived not only five centuries, but also the leap into electronic typesetting, remaining essentially unchanged. It was popularised in the 1960s with the release of Letraset sheets containing Lorem Ipsum passages, and more recently with desktop publishing software like Aldus PageMaker including versions of Lorem Ipsum.\\r\\n<\\/p>\\r\\n<p>It is a long established fact that a reader will be distracted by the readable content of a page when looking at its layout. The point of using Lorem Ipsum is that it has a more-or-less normal distribution of letters, as opposed to using \'Content here, content here\', making it look like readable English. Many desktop publishing packages and web page editors now use Lorem Ipsum as their default model text, and a search for \'lorem ipsum\' will uncover many web sites still in their infancy. Various versions have evolved over the years, sometimes by accident, sometimes on purpose (injected humour and the like).\\r\\n<br><\\/p>\",\"3\":\"<p>What is Lorem Ipsum?<\\/p>\",\"6\":\"Here\'s a tagline\"}}', '2018-08-01 07:59:50', '2018-08-01 07:59:50', '23b81f3e-3bea-49a8-a704-3ed4f0a2a789'),
 ('39', '20', '5', '1', 'en_gb', '1', '', '{\"typeId\":null,\"authorId\":\"1\",\"title\":\"wild Island Brew\",\"slug\":\"wild-island-brew\",\"postDate\":1533114761,\"expiryDate\":null,\"enabled\":1,\"parentId\":null,\"fields\":{\"3\":\"<p>Lorem ipsum dolor sit amet, ex eam quas primis. Ei sit nonumy eripuit. Sit unum corpora conceptam no. Ea duo apeirian recteque complectitur, cu adhuc doctus repudiare vim.<\\/p>\",\"9\":{\"date\":\"07\\/05\\/2018\"},\"12\":{\"21\":{\"type\":\"recipeIngredrient\",\"enabled\":\"1\",\"fields\":{\"ingredients\":[{\"col1\":\"1 cup \",\"col2\":\"Something\"},{\"col1\":\"2 gallons\",\"col2\":\"water\"},{\"col1\":\"3 oz \",\"col2\":\"yeast\"},{\"col1\":\"24\",\"col2\":\"clean bottles\"}]},\"collapsed\":\"1\"},\"22\":{\"type\":\"recipeImage\",\"enabled\":\"1\",\"fields\":{\"recipeImage\":[\"14\"],\"imageCaption\":\"This is a caption\"},\"collapsed\":\"1\"},\"23\":{\"type\":\"recipeTip\",\"enabled\":\"1\",\"fields\":{\"tipContent\":\"Lorem ipsum is a pseudo-Latin text used in web design, typography, layout, and printing in place of English to emphasise design elements over content. It\'s also called placeholder (or filler) text. It\'s a convenient tool for mock-ups. It helps to outline the visual elements of a document or presentation, eg typography, font, or layout. Lorem ipsum is mostly a part of a Latin text by the classical author and philosopher Cicero. Its words and letters have been changed by addition or removal, so to deliberately render its content nonsensical; it\'s not genuine, correct, or comprehensible Latin anymore. While lorem ipsum\'s still resembles classical Latin, it actually has no meaning whatsoever. As Cicero\'s text doesn\'t contain the letters K, W, or Z, alien to latin, these, and others are often inserted randomly to mimic the typographic appearence of European languages, as are digraphs not to be found in the original.\"},\"collapsed\":\"1\"},\"24\":{\"type\":\"recipeCopy\",\"enabled\":\"1\",\"fields\":{\"bodyContent\":\"<p><strong>Lorem ipsum<\\/strong>&nbsp;is a pseudo-Latin text used in web design, typography, layout, and printing in place of English to emphasise design elements over content. It\'s also called placeholder (or filler) text. It\'s a convenient tool for mock-ups. It helps to outline the visual elements of a document or presentation, eg typography, font, or layout. Lorem ipsum is mostly a part of a Latin text by the classical author and philosopher Cicero. Its words and letters have been changed by addition or removal, so to deliberately render its content nonsensical; it\'s not genuine, correct, or comprehensible Latin anymore. While&nbsp;<strong>lorem ipsum<\\/strong>\'s still resembles classical Latin, it actually has no meaning whatsoever. As Cicero\'s text doesn\'t contain the letters K, W, or Z, alien to latin, these, and others are often inserted randomly to mimic the typographic appearence of European languages, as are digraphs not to be found in the original.<\\/p><p><strong>Lorem ipsum<\\/strong>&nbsp;is a pseudo-Latin text used in web design, typography, layout, and printing in place of English to emphasise design elements over content. It\'s also called placeholder (or filler) text. It\'s a convenient tool for mock-ups. It helps to outline the visual elements of a document or presentation, eg typography, font, or layout. Lorem ipsum is mostly a part of a Latin text by the classical author and philosopher Cicero. Its words and letters have been changed by addition or removal, so to deliberately render its content nonsensical; it\'s not genuine, correct, or comprehensible Latin anymore. While&nbsp;<strong>lorem ipsum<\\/strong>\'s still resembles classical Latin, it actually has no meaning whatsoever. As Cicero\'s text doesn\'t contain the letters K, W, or Z, alien to latin, these, and others are often inserted randomly to mimic the typographic appearence of European languages, as are digraphs not to be found in the original.<br><\\/p>\"},\"collapsed\":\"1\"},\"25\":{\"type\":\"recipeSteps\",\"enabled\":\"1\",\"fields\":{\"stepsTitle\":\"Preparation\",\"stepsContent\":[{\"col1\":\"In a professional context it often happens that private or corporate clients corder a publication to be made and presented with the actual content still not being ready. Think of a news blog that\'s filled with content hourly on the day of going live. \"},{\"col1\":\"Wash your workspace\"},{\"col1\":\"Clean your bottles\"},{\"col1\":\"Buy all ingredients\"},{\"col1\":\"\"}]}},\"26\":{\"type\":\"recipeSteps\",\"enabled\":\"1\",\"fields\":{\"stepsTitle\":\"Brewing\",\"stepsContent\":[{\"col1\":\"step1\"},{\"col1\":\"step2\"},{\"col1\":\"step3\"}]}},\"27\":{\"type\":\"recipeSteps\",\"enabled\":\"1\",\"fields\":{\"stepsTitle\":\"\",\"stepsContent\":[{\"col1\":\"\"}]}},\"28\":{\"type\":\"recipeImage\",\"enabled\":\"1\",\"fields\":{\"recipeImage\":[\"10\"],\"imageCaption\":\"The finished beer!\"}},\"29\":{\"type\":\"recipeCopy\",\"enabled\":\"1\",\"fields\":{\"bodyContent\":\"<p><\\/p><p>In a professional context it often happens that private or corporate clients corder a publication to be made and presented with the actual content still not being ready. Think of a news blog that\'s filled with content hourly on the day of going live. However, reviewers tend to be distracted by comprehensible content, say, a random text copied from a newspaper or the internet. The are likely to focus on the text, disregarding the layout and its elements. Besides, random text risks to be unintendedly humorous or offensive, an unacceptable risk in corporate environments.&nbsp;<strong>Lorem ipsum<\\/strong>&nbsp;and its many variants have been employed since the early 1960ies, and quite likely since the sixteenth century.\\r\\n<\\/p><p><br><\\/p><p>In a professional context it often happens that private or corporate clients corder a publication to be made and presented with the actual content still not being ready. Think of a news blog that\'s filled with content hourly on the day of going live. However, reviewers tend to be distracted by comprehensible content, say, a random text copied from a newspaper or the internet. The are likely to focus on the text, disregarding the layout and its elements. Besides, random text risks to be unintendedly humorous or offensive, an unacceptable risk in corporate environments.&nbsp;<strong>Lorem ipsum<\\/strong>&nbsp;and its many variants have been employed since the early 1960ies, and quite likely since the sixteenth century.\\r\\n<\\/p><p><br><\\/p>\"}},\"30\":{\"type\":\"recipeTip\",\"enabled\":\"1\",\"fields\":{\"tipContent\":\"In a professional context it often happens that private or corporate clients corder a publication to be made and presented with the actual content still not being ready. Think of a news blog that\'s filled with content hourly on the day of going live. However, reviewers tend to be distracted by comprehensible content, say, a random text copied from a newspaper or the internet. The are likely to focus on the text, disregarding the layout and its elements. \"}}},\"11\":[{\"col1\":\"This is a snapshot \"},{\"col1\":\"This is another snapshot \"},{\"col1\":\"This is yet another snapshot \"}]}}', '2018-08-01 09:12:41', '2018-08-01 09:12:41', 'd21f2923-1c1a-4ec9-8a53-3591969f4c62'),
 ('40', '20', '5', '1', 'en_gb', '2', '', '{\"typeId\":\"5\",\"authorId\":\"1\",\"title\":\"wild Island Brew\",\"slug\":\"wild-island-brew\",\"postDate\":1533114720,\"expiryDate\":null,\"enabled\":1,\"parentId\":null,\"fields\":{\"3\":\"<p>Lorem ipsum dolor sit amet, ex eam quas primis. Ei sit nonumy eripuit. Sit unum corpora conceptam no. Ea duo apeirian recteque complectitur, cu adhuc doctus repudiare vim.<\\/p>\",\"9\":{\"date\":\"07\\/05\\/2018\"},\"12\":{\"21\":{\"type\":\"recipeIngredrient\",\"enabled\":\"1\",\"fields\":{\"ingredients\":[{\"col1\":\"1 cup \",\"col2\":\"Something\"},{\"col1\":\"2 gallons\",\"col2\":\"water\"},{\"col1\":\"3 oz \",\"col2\":\"yeast\"},{\"col1\":\"24\",\"col2\":\"clean bottles\"}]}},\"22\":{\"type\":\"recipeImage\",\"enabled\":\"1\",\"fields\":{\"recipeImage\":[\"14\"],\"imageCaption\":\"This is a caption\"}},\"23\":{\"type\":\"recipeTip\",\"enabled\":\"1\",\"fields\":{\"tipContent\":\"Lorem ipsum is a pseudo-Latin text used in web design, typography, layout, and printing in place of English to emphasise design elements over content. It\'s also called placeholder (or filler) text. It\'s a convenient tool for mock-ups. It helps to outline the visual elements of a document or presentation, eg typography, font, or layout. Lorem ipsum is mostly a part of a Latin text by the classical author and philosopher Cicero. Its words and letters have been changed by addition or removal, so to deliberately render its content nonsensical; it\'s not genuine, correct, or comprehensible Latin anymore. While lorem ipsum\'s still resembles classical Latin, it actually has no meaning whatsoever. As Cicero\'s text doesn\'t contain the letters K, W, or Z, alien to latin, these, and others are often inserted randomly to mimic the typographic appearence of European languages, as are digraphs not to be found in the original.\"}},\"24\":{\"type\":\"recipeCopy\",\"enabled\":\"1\",\"fields\":{\"bodyContent\":\"<p><strong>Lorem ipsum<\\/strong> is a pseudo-Latin text used in web design, typography, layout, and printing in place of English to emphasise design elements over content. It\'s also called placeholder (or filler) text. It\'s a convenient tool for mock-ups. It helps to outline the visual elements of a document or presentation, eg typography, font, or layout. Lorem ipsum is mostly a part of a Latin text by the classical author and philosopher Cicero. Its words and letters have been changed by addition or removal, so to deliberately render its content nonsensical; it\'s not genuine, correct, or comprehensible Latin anymore. While <strong>lorem ipsum<\\/strong>\'s still resembles classical Latin, it actually has no meaning whatsoever. As Cicero\'s text doesn\'t contain the letters K, W, or Z, alien to latin, these, and others are often inserted randomly to mimic the typographic appearence of European languages, as are digraphs not to be found in the original.<\\/p>\\r\\n<p><strong>Lorem ipsum<\\/strong> is a pseudo-Latin text used in web design, typography, layout, and printing in place of English to emphasise design elements over content. It\'s also called placeholder (or filler) text. It\'s a convenient tool for mock-ups. It helps to outline the visual elements of a document or presentation, eg typography, font, or layout. Lorem ipsum is mostly a part of a Latin text by the classical author and philosopher Cicero. Its words and letters have been changed by addition or removal, so to deliberately render its content nonsensical; it\'s not genuine, correct, or comprehensible Latin anymore. While <strong>lorem ipsum<\\/strong>\'s still resembles classical Latin, it actually has no meaning whatsoever. As Cicero\'s text doesn\'t contain the letters K, W, or Z, alien to latin, these, and others are often inserted randomly to mimic the typographic appearence of European languages, as are digraphs not to be found in the original.<br><\\/p>\"}},\"25\":{\"type\":\"recipeSteps\",\"enabled\":\"1\",\"fields\":{\"stepsTitle\":\"Preparation\",\"stepsContent\":[{\"col1\":\"In a professional context it often happens that private or corporate clients corder a publication to be made and presented with the actual content still not being ready. Think of a news blog that\'s filled with content hourly on the day of going live. \"},{\"col1\":\"Wash your workspace\"},{\"col1\":\"Clean your bottles\"},{\"col1\":\"Buy all ingredients\"},{\"col1\":\"\"}]}},\"26\":{\"type\":\"recipeSteps\",\"enabled\":\"1\",\"fields\":{\"stepsTitle\":\"Brewing\",\"stepsContent\":[{\"col1\":\"step1\"},{\"col1\":\"step2\"},{\"col1\":\"step3\"}]}},\"27\":{\"type\":\"recipeSteps\",\"enabled\":\"1\",\"fields\":{\"stepsTitle\":\"\",\"stepsContent\":[{\"col1\":\"\"}]}},\"28\":{\"type\":\"recipeImage\",\"enabled\":\"1\",\"fields\":{\"recipeImage\":[\"10\"],\"imageCaption\":\"The finished beer!\"}},\"29\":{\"type\":\"recipeCopy\",\"enabled\":\"1\",\"fields\":{\"bodyContent\":\"<p>In a professional context it often happens that private or corporate clients corder a publication to be made and presented with the actual content still not being ready. Think of a news blog that\'s filled with content hourly on the day of going live. However, reviewers tend to be distracted by comprehensible content, say, a random text copied from a newspaper or the internet. The are likely to focus on the text, disregarding the layout and its elements. Besides, random text risks to be unintendedly humorous or offensive, an unacceptable risk in corporate environments. <strong>Lorem ipsum<\\/strong> and its many variants have been employed since the early 1960ies, and quite likely since the sixteenth century.\\r\\n<\\/p>\\r\\n<p><br><\\/p>\\r\\n<p>In a professional context it often happens that private or corporate clients corder a publication to be made and presented with the actual content still not being ready. Think of a news blog that\'s filled with content hourly on the day of going live. However, reviewers tend to be distracted by comprehensible content, say, a random text copied from a newspaper or the internet. The are likely to focus on the text, disregarding the layout and its elements. Besides, random text risks to be unintendedly humorous or offensive, an unacceptable risk in corporate environments. <strong>Lorem ipsum<\\/strong> and its many variants have been employed since the early 1960ies, and quite likely since the sixteenth century.\\r\\n<\\/p>\\r\\n<p><br><\\/p>\"}},\"30\":{\"type\":\"recipeTip\",\"enabled\":\"1\",\"fields\":{\"tipContent\":\"In a professional context it often happens that private or corporate clients corder a publication to be made and presented with the actual content still not being ready. Think of a news blog that\'s filled with content hourly on the day of going live. However, reviewers tend to be distracted by comprehensible content, say, a random text copied from a newspaper or the internet. The are likely to focus on the text, disregarding the layout and its elements. \"}}},\"11\":[{\"col1\":\"This is a snapshot \"},{\"col1\":\"This is another snapshot \"},{\"col1\":\"This is yet another snapshot \"}]}}', '2018-08-01 09:12:49', '2018-08-01 09:12:49', '9e3b61a0-52b3-45e3-ba0e-6c9b372bcb40'),
 ('41', '20', '5', '1', 'en_gb', '3', '', '{\"typeId\":\"5\",\"authorId\":\"1\",\"title\":\"wild Island Brew\",\"slug\":\"wild-island-brew\",\"postDate\":1533114720,\"expiryDate\":null,\"enabled\":1,\"parentId\":null,\"fields\":{\"3\":\"<p>Lorem ipsum dolor sit amet, ex eam quas primis. Ei sit nonumy eripuit. Sit unum corpora conceptam no. Ea duo apeirian recteque complectitur, cu adhuc doctus repudiare vim.<\\/p>\",\"9\":{\"date\":\"07\\/05\\/2018\"},\"12\":{\"21\":{\"type\":\"recipeIngredrient\",\"enabled\":\"1\",\"fields\":{\"ingredients\":[{\"col1\":\"1 cup \",\"col2\":\"Something\"},{\"col1\":\"2 gallons\",\"col2\":\"water\"},{\"col1\":\"3 oz \",\"col2\":\"yeast\"},{\"col1\":\"24\",\"col2\":\"clean bottles\"}]}},\"22\":{\"type\":\"recipeImage\",\"enabled\":\"1\",\"fields\":{\"recipeImage\":[\"14\"],\"imageCaption\":\"This is a caption\"}},\"23\":{\"type\":\"recipeTip\",\"enabled\":\"1\",\"fields\":{\"tipContent\":\"Lorem ipsum is a pseudo-Latin text used in web design, typography, layout, and printing in place of English to emphasise design elements over content. It\'s also called placeholder (or filler) text. It\'s a convenient tool for mock-ups. It helps to outline the visual elements of a document or presentation, eg typography, font, or layout. Lorem ipsum is mostly a part of a Latin text by the classical author and philosopher Cicero. Its words and letters have been changed by addition or removal, so to deliberately render its content nonsensical; it\'s not genuine, correct, or comprehensible Latin anymore. While lorem ipsum\'s still resembles classical Latin, it actually has no meaning whatsoever. As Cicero\'s text doesn\'t contain the letters K, W, or Z, alien to latin, these, and others are often inserted randomly to mimic the typographic appearence of European languages, as are digraphs not to be found in the original.\"}},\"24\":{\"type\":\"recipeCopy\",\"enabled\":\"1\",\"fields\":{\"bodyContent\":\"<p><strong>Lorem ipsum<\\/strong> is a pseudo-Latin text used in web design, typography, layout, and printing in place of English to emphasise design elements over content. It\'s also called placeholder (or filler) text. It\'s a convenient tool for mock-ups. It helps to outline the visual elements of a document or presentation, eg typography, font, or layout. Lorem ipsum is mostly a part of a Latin text by the classical author and philosopher Cicero. Its words and letters have been changed by addition or removal, so to deliberately render its content nonsensical; it\'s not genuine, correct, or comprehensible Latin anymore. While <strong>lorem ipsum<\\/strong>\'s still resembles classical Latin, it actually has no meaning whatsoever. As Cicero\'s text doesn\'t contain the letters K, W, or Z, alien to latin, these, and others are often inserted randomly to mimic the typographic appearence of European languages, as are digraphs not to be found in the original.<\\/p>\\r\\n<p><strong>Lorem ipsum<\\/strong> is a pseudo-Latin text used in web design, typography, layout, and printing in place of English to emphasise design elements over content. It\'s also called placeholder (or filler) text. It\'s a convenient tool for mock-ups. It helps to outline the visual elements of a document or presentation, eg typography, font, or layout. Lorem ipsum is mostly a part of a Latin text by the classical author and philosopher Cicero. Its words and letters have been changed by addition or removal, so to deliberately render its content nonsensical; it\'s not genuine, correct, or comprehensible Latin anymore. While <strong>lorem ipsum<\\/strong>\'s still resembles classical Latin, it actually has no meaning whatsoever. As Cicero\'s text doesn\'t contain the letters K, W, or Z, alien to latin, these, and others are often inserted randomly to mimic the typographic appearence of European languages, as are digraphs not to be found in the original.<br><\\/p>\"}},\"25\":{\"type\":\"recipeSteps\",\"enabled\":\"1\",\"fields\":{\"stepsTitle\":\"Preparation\",\"stepsContent\":[{\"col1\":\"In a professional context it often happens that private or corporate clients corder a publication to be made and presented with the actual content still not being ready. Think of a news blog that\'s filled with content hourly on the day of going live. \"},{\"col1\":\"Wash your workspace\"},{\"col1\":\"Clean your bottles\"},{\"col1\":\"Buy all ingredients\"},{\"col1\":\"\"}]}},\"26\":{\"type\":\"recipeSteps\",\"enabled\":\"1\",\"fields\":{\"stepsTitle\":\"Brewing\",\"stepsContent\":[{\"col1\":\"step1\"},{\"col1\":\"step2\"},{\"col1\":\"step3\"}]}},\"27\":{\"type\":\"recipeSteps\",\"enabled\":\"1\",\"fields\":{\"stepsTitle\":\"\",\"stepsContent\":[{\"col1\":\"\"}]}},\"28\":{\"type\":\"recipeImage\",\"enabled\":\"1\",\"fields\":{\"recipeImage\":[\"10\"],\"imageCaption\":\"The finished beer!\"}},\"29\":{\"type\":\"recipeCopy\",\"enabled\":\"1\",\"fields\":{\"bodyContent\":\"<p>In a professional context it often happens that private or corporate clients corder a publication to be made and presented with the actual content still not being ready. Think of a news blog that\'s filled with content hourly on the day of going live. However, reviewers tend to be distracted by comprehensible content, say, a random text copied from a newspaper or the internet. The are likely to focus on the text, disregarding the layout and its elements. Besides, random text risks to be unintendedly humorous or offensive, an unacceptable risk in corporate environments. <strong>Lorem ipsum<\\/strong> and its many variants have been employed since the early 1960ies, and quite likely since the sixteenth century.\\r\\n<\\/p>\\r\\n<p><br><\\/p>\\r\\n<p>In a professional context it often happens that private or corporate clients corder a publication to be made and presented with the actual content still not being ready. Think of a news blog that\'s filled with content hourly on the day of going live. However, reviewers tend to be distracted by comprehensible content, say, a random text copied from a newspaper or the internet. The are likely to focus on the text, disregarding the layout and its elements. Besides, random text risks to be unintendedly humorous or offensive, an unacceptable risk in corporate environments. <strong>Lorem ipsum<\\/strong> and its many variants have been employed since the early 1960ies, and quite likely since the sixteenth century.\\r\\n<\\/p>\\r\\n<p><br><\\/p>\"}},\"30\":{\"type\":\"recipeTip\",\"enabled\":\"1\",\"fields\":{\"tipContent\":\"In a professional context it often happens that private or corporate clients corder a publication to be made and presented with the actual content still not being ready. Think of a news blog that\'s filled with content hourly on the day of going live. However, reviewers tend to be distracted by comprehensible content, say, a random text copied from a newspaper or the internet. The are likely to focus on the text, disregarding the layout and its elements. \"}}},\"11\":[{\"col1\":\"This is a snapshot \"},{\"col1\":\"This is another snapshot \"},{\"col1\":\"This is yet another snapshot \"}]}}', '2018-08-01 09:12:50', '2018-08-01 09:12:50', 'c9cdcd7d-2159-4bee-86a7-1fc90b3107f4');



DROP TABLE IF EXISTS `craft_fieldgroups`;


--
-- Schema for table `craft_fieldgroups`
--
CREATE TABLE `craft_fieldgroups` (
  `id` int(11) NOT NULL AUTO_INCREMENT,
  `name` varchar(255) COLLATE utf8_unicode_ci NOT NULL,
  `dateCreated` datetime NOT NULL,
  `dateUpdated` datetime NOT NULL,
  `uid` char(36) COLLATE utf8_unicode_ci NOT NULL DEFAULT '0',
  PRIMARY KEY (`id`),
  UNIQUE KEY `craft_fieldgroups_name_unq_idx` (`name`)
) ENGINE=InnoDB AUTO_INCREMENT=4 DEFAULT CHARSET=utf8 COLLATE=utf8_unicode_ci;

--
-- Data for table `craft_fieldgroups`
--

INSERT INTO `craft_fieldgroups` (`id`, `name`, `dateCreated`, `dateUpdated`, `uid`) VALUES
 ('1', 'Default', '2018-07-24 14:16:16', '2018-07-24 14:16:16', '86b5ed0a-8f78-4705-9266-415340841a9e'),
 ('2', 'Brews', '2018-07-25 12:07:02', '2018-07-25 12:07:02', '1ff25932-cffe-4557-a515-a4529f65b8b4'),
 ('3', 'Recipes', '2018-08-01 08:32:37', '2018-08-01 08:32:37', '5466f83b-dbe2-4d11-8dfe-eaee8fa3fc1f');



DROP TABLE IF EXISTS `craft_fieldlayoutfields`;


--
-- Schema for table `craft_fieldlayoutfields`
--
CREATE TABLE `craft_fieldlayoutfields` (
  `id` int(11) NOT NULL AUTO_INCREMENT,
  `layoutId` int(11) NOT NULL,
  `tabId` int(11) NOT NULL,
  `fieldId` int(11) NOT NULL,
  `required` tinyint(1) unsigned NOT NULL DEFAULT '0',
  `sortOrder` smallint(6) unsigned DEFAULT NULL,
  `dateCreated` datetime NOT NULL,
  `dateUpdated` datetime NOT NULL,
  `uid` char(36) COLLATE utf8_unicode_ci NOT NULL DEFAULT '0',
  PRIMARY KEY (`id`),
  UNIQUE KEY `craft_fieldlayoutfields_layoutId_fieldId_unq_idx` (`layoutId`,`fieldId`),
  KEY `craft_fieldlayoutfields_sortOrder_idx` (`sortOrder`),
  KEY `craft_fieldlayoutfields_tabId_fk` (`tabId`),
  KEY `craft_fieldlayoutfields_fieldId_fk` (`fieldId`)
) ENGINE=InnoDB AUTO_INCREMENT=52 DEFAULT CHARSET=utf8 COLLATE=utf8_unicode_ci;

--
-- Data for table `craft_fieldlayoutfields`
--

INSERT INTO `craft_fieldlayoutfields` (`id`, `layoutId`, `tabId`, `fieldId`, `required`, `sortOrder`, `dateCreated`, `dateUpdated`, `uid`) VALUES
 ('6', '8', '4', '3', '1', '1', '2018-07-25 12:21:23', '2018-07-25 12:21:23', 'a34ec432-5375-40fd-95a4-3b9d0befe5c2'),
 ('7', '8', '4', '1', '1', '2', '2018-07-25 12:21:23', '2018-07-25 12:21:23', 'ed9f5684-5161-4c0a-a5ed-f0f09f62b9c4'),
 ('22', '37', '12', '6', '0', '1', '2018-07-31 13:20:27', '2018-07-31 13:20:27', 'f7147d8c-9265-4a23-85bf-79afb1bac8ef'),
 ('23', '37', '12', '8', '0', '2', '2018-07-31 13:20:27', '2018-07-31 13:20:27', '32b43c4b-0717-43c3-9dc7-68c280e55da2'),
 ('24', '38', '13', '5', '0', '1', '2018-08-01 06:54:52', '2018-08-01 06:54:52', 'd30bbc7c-c580-4507-bccc-be4d3c8f6f0c'),
 ('25', '38', '13', '3', '0', '2', '2018-08-01 06:54:52', '2018-08-01 06:54:52', '768e0380-bbb0-479a-97da-a6ca54f31aea'),
 ('26', '38', '13', '4', '0', '3', '2018-08-01 06:54:52', '2018-08-01 06:54:52', '3d9bfcc4-d5d9-45a3-87b5-e559347a1b80'),
 ('27', '38', '13', '10', '0', '4', '2018-08-01 06:54:52', '2018-08-01 06:54:52', '13ec2c2e-b934-4c2b-bc27-0300372ab84b'),
 ('28', '38', '13', '9', '0', '5', '2018-08-01 06:54:52', '2018-08-01 06:54:52', 'a37bd538-42c9-40d7-aa62-52c75f269f45'),
 ('29', '39', '14', '6', '0', '1', '2018-08-01 07:51:05', '2018-08-01 07:51:05', '16e06c2b-78e4-4e71-8b32-044b38dcf2d3'),
 ('30', '39', '14', '3', '0', '2', '2018-08-01 07:51:05', '2018-08-01 07:51:05', 'cfbc47ae-db38-4d70-8931-ac93892f349d'),
 ('31', '39', '14', '1', '0', '3', '2018-08-01 07:51:05', '2018-08-01 07:51:05', '37bd9d25-c4f3-4e0d-bd33-97cb3a217744'),
 ('41', '47', '21', '3', '0', '1', '2018-08-01 08:54:23', '2018-08-01 08:54:23', '88e6729c-27ba-449c-842b-a8680185afc5'),
 ('42', '47', '21', '9', '0', '2', '2018-08-01 08:54:23', '2018-08-01 08:54:23', '107a8163-f208-4e35-95a2-83a4193a2e6b'),
 ('43', '47', '21', '11', '0', '3', '2018-08-01 08:54:23', '2018-08-01 08:54:23', 'a16ea60d-4d0e-4622-8224-a51c95b1860b'),
 ('44', '47', '21', '12', '0', '4', '2018-08-01 08:54:23', '2018-08-01 08:54:23', 'ad974d5a-1522-452f-b099-729bb8f47f8d'),
 ('45', '48', '22', '13', '0', '1', '2018-08-01 08:55:53', '2018-08-01 08:55:53', 'ea0c0901-c936-4c28-b19e-55c28d562da7'),
 ('46', '48', '22', '14', '0', '2', '2018-08-01 08:55:53', '2018-08-01 08:55:53', '37cbc0b9-bf5d-4cec-8cbb-ac7a9ab06d0c'),
 ('47', '49', '23', '15', '0', '1', '2018-08-01 08:55:53', '2018-08-01 08:55:53', '8c50a77e-b9cf-4b55-8b5d-e6d3312d1662'),
 ('48', '50', '24', '16', '0', '1', '2018-08-01 08:55:53', '2018-08-01 08:55:53', '3e96ded6-269d-4688-86b3-e11d6a1a2821'),
 ('49', '50', '24', '17', '0', '2', '2018-08-01 08:55:53', '2018-08-01 08:55:53', '6829b1fa-2188-43f2-aa54-8825a15ff89e'),
 ('50', '51', '25', '18', '0', '1', '2018-08-01 08:55:53', '2018-08-01 08:55:53', '6f197c7f-70b0-44e3-9055-bf383d32b288'),
 ('51', '52', '26', '19', '0', '1', '2018-08-01 08:55:53', '2018-08-01 08:55:53', '4d6375e2-9f55-4200-8500-b423947c73f4');



DROP TABLE IF EXISTS `craft_fieldlayouts`;


--
-- Schema for table `craft_fieldlayouts`
--
CREATE TABLE `craft_fieldlayouts` (
  `id` int(11) NOT NULL AUTO_INCREMENT,
  `type` varchar(150) COLLATE utf8_unicode_ci NOT NULL,
  `dateCreated` datetime NOT NULL,
  `dateUpdated` datetime NOT NULL,
  `uid` char(36) COLLATE utf8_unicode_ci NOT NULL DEFAULT '0',
  PRIMARY KEY (`id`),
  KEY `craft_fieldlayouts_type_idx` (`type`)
) ENGINE=InnoDB AUTO_INCREMENT=53 DEFAULT CHARSET=utf8 COLLATE=utf8_unicode_ci;

--
-- Data for table `craft_fieldlayouts`
--

INSERT INTO `craft_fieldlayouts` (`id`, `type`, `dateCreated`, `dateUpdated`, `uid`) VALUES
 ('1', 'Tag', '2018-07-24 14:16:16', '2018-07-24 14:16:16', '950df075-1313-4ea8-a4bc-aad2432efc1a'),
 ('8', 'Entry', '2018-07-25 12:21:23', '2018-07-25 12:21:23', 'f26252e9-690f-4ee5-b517-c2d52889b9f1'),
 ('29', 'Asset', '2018-07-26 08:25:03', '2018-07-26 08:25:03', '860825f8-0cd0-43b4-a2f5-6ed76b5ff0ec'),
 ('36', 'Asset', '2018-07-31 12:33:49', '2018-07-31 12:33:49', 'd79295e0-4d13-4867-addb-0335074f86e4'),
 ('37', 'Entry', '2018-07-31 13:20:27', '2018-07-31 13:20:27', 'a9213e7c-e3f2-4023-ad83-e9afa6174e01'),
 ('38', 'Entry', '2018-08-01 06:54:52', '2018-08-01 06:54:52', '64b07ab7-f906-41af-84be-e1582b90ae56'),
 ('39', 'Entry', '2018-08-01 07:51:05', '2018-08-01 07:51:05', '7ad032c7-9b91-4b18-bf56-fc5256e5eced'),
 ('47', 'Entry', '2018-08-01 08:54:23', '2018-08-01 08:54:23', '9ff76225-42ff-43d6-a6a3-aeb7f1f024d3'),
 ('48', 'MatrixBlock', '2018-08-01 08:55:53', '2018-08-01 08:55:53', '0abb75a6-677f-48c0-a4d6-1ff7f7fc90ed'),
 ('49', 'MatrixBlock', '2018-08-01 08:55:53', '2018-08-01 08:55:53', '8a29bf13-21dd-4a0b-b59a-918cc516f546'),
 ('50', 'MatrixBlock', '2018-08-01 08:55:53', '2018-08-01 08:55:53', '7e2e3053-f7c8-4881-b968-f07985df4a50'),
 ('51', 'MatrixBlock', '2018-08-01 08:55:53', '2018-08-01 08:55:53', '05f93cd2-9d6a-44f7-9afd-eff8292266da'),
 ('52', 'MatrixBlock', '2018-08-01 08:55:53', '2018-08-01 08:55:53', '839154c9-eca9-4e9c-b0a1-e97e11db56a1');



DROP TABLE IF EXISTS `craft_fieldlayouttabs`;


--
-- Schema for table `craft_fieldlayouttabs`
--
CREATE TABLE `craft_fieldlayouttabs` (
  `id` int(11) NOT NULL AUTO_INCREMENT,
  `layoutId` int(11) NOT NULL,
  `name` varchar(255) COLLATE utf8_unicode_ci NOT NULL,
  `sortOrder` smallint(6) unsigned DEFAULT NULL,
  `dateCreated` datetime NOT NULL,
  `dateUpdated` datetime NOT NULL,
  `uid` char(36) COLLATE utf8_unicode_ci NOT NULL DEFAULT '0',
  PRIMARY KEY (`id`),
  KEY `craft_fieldlayouttabs_sortOrder_idx` (`sortOrder`),
  KEY `craft_fieldlayouttabs_layoutId_fk` (`layoutId`)
) ENGINE=InnoDB AUTO_INCREMENT=27 DEFAULT CHARSET=utf8 COLLATE=utf8_unicode_ci;

--
-- Data for table `craft_fieldlayouttabs`
--

INSERT INTO `craft_fieldlayouttabs` (`id`, `layoutId`, `name`, `sortOrder`, `dateCreated`, `dateUpdated`, `uid`) VALUES
 ('4', '8', 'News Articles Content', '1', '2018-07-25 12:21:23', '2018-07-25 12:21:23', 'f36fd7c0-3646-47c0-b8f9-0491da6222b7'),
 ('12', '37', 'Content', '1', '2018-07-31 13:20:27', '2018-07-31 13:20:27', '053266db-1d3f-4f88-9910-247c863d98b0'),
 ('13', '38', 'Content', '1', '2018-08-01 06:54:52', '2018-08-01 06:54:52', '099855d4-6b0a-4069-95db-edefbac4909d'),
 ('14', '39', 'Default', '1', '2018-08-01 07:51:05', '2018-08-01 07:51:05', 'b6f83905-287f-4429-a9e9-63bcf1291f84'),
 ('21', '47', 'Recipes', '1', '2018-08-01 08:54:23', '2018-08-01 08:54:23', '43fcf4f5-49e5-4a46-8af5-0d50af2aa1b0'),
 ('22', '48', 'Content', '1', '2018-08-01 08:55:53', '2018-08-01 08:55:53', '0033741d-bafa-4186-a2e3-c9980466a40f'),
 ('23', '49', 'Content', '1', '2018-08-01 08:55:53', '2018-08-01 08:55:53', 'b1593f67-84f2-47f8-a2e5-03b81b9bfea4'),
 ('24', '50', 'Content', '1', '2018-08-01 08:55:53', '2018-08-01 08:55:53', '8139123b-1e81-4faa-a94d-eb8cf68d1800'),
 ('25', '51', 'Content', '1', '2018-08-01 08:55:53', '2018-08-01 08:55:53', '41b9d00c-9cf3-4126-8a17-c07f2383bf73'),
 ('26', '52', 'Content', '1', '2018-08-01 08:55:53', '2018-08-01 08:55:53', 'd1a650b2-fb21-4926-b661-ccb8e9e36c28');



DROP TABLE IF EXISTS `craft_fields`;


--
-- Schema for table `craft_fields`
--
CREATE TABLE `craft_fields` (
  `id` int(11) NOT NULL AUTO_INCREMENT,
  `groupId` int(11) DEFAULT NULL,
  `name` varchar(255) COLLATE utf8_unicode_ci NOT NULL,
  `handle` varchar(58) COLLATE utf8_unicode_ci NOT NULL,
  `context` varchar(255) COLLATE utf8_unicode_ci NOT NULL DEFAULT 'global',
  `instructions` text COLLATE utf8_unicode_ci,
  `translatable` tinyint(1) unsigned NOT NULL DEFAULT '0',
  `type` varchar(150) COLLATE utf8_unicode_ci NOT NULL,
  `settings` text COLLATE utf8_unicode_ci,
  `dateCreated` datetime NOT NULL,
  `dateUpdated` datetime NOT NULL,
  `uid` char(36) COLLATE utf8_unicode_ci NOT NULL DEFAULT '0',
  PRIMARY KEY (`id`),
  UNIQUE KEY `craft_fields_handle_context_unq_idx` (`handle`,`context`),
  KEY `craft_fields_context_idx` (`context`),
  KEY `craft_fields_groupId_fk` (`groupId`)
) ENGINE=InnoDB AUTO_INCREMENT=20 DEFAULT CHARSET=utf8 COLLATE=utf8_unicode_ci;

--
-- Data for table `craft_fields`
--

INSERT INTO `craft_fields` (`id`, `groupId`, `name`, `handle`, `context`, `instructions`, `translatable`, `type`, `settings`, `dateCreated`, `dateUpdated`, `uid`) VALUES
 ('1', '1', 'Body', 'body', 'global', NULL, '1', 'RichText', '{\"configFile\":\"Standard.json\",\"columnType\":\"text\"}', '2018-07-24 14:16:16', '2018-07-24 14:16:16', '81daaa3e-9753-4d4f-88d0-3f6c097bf6e3'),
 ('2', '1', 'Tags', 'tags', 'global', NULL, '0', 'Tags', '{\"source\":\"taggroup:1\"}', '2018-07-24 14:16:16', '2018-07-24 14:16:16', '77c6a804-7ef2-4121-9336-cc45268804f1'),
 ('3', '2', 'Introduction', 'introduction', 'global', 'Short introduction for this brew ', '0', 'RichText', '{\"configFile\":\"Simple.json\",\"availableAssetSources\":\"*\",\"availableTransforms\":\"*\",\"cleanupHtml\":\"1\",\"purifyHtml\":\"1\",\"purifierConfig\":\"\",\"columnType\":\"text\"}', '2018-07-25 12:10:40', '2018-07-25 12:10:40', '88d1d6b9-b361-46d0-a0a6-253aa9ed6cb2'),
 ('4', '2', 'Page Copy', 'pageCopy', 'global', 'The complete copy for this brew', '0', 'RichText', '{\"configFile\":\"\",\"availableAssetSources\":\"*\",\"availableTransforms\":\"\",\"cleanupHtml\":\"1\",\"purifyHtml\":\"1\",\"purifierConfig\":\"\",\"columnType\":\"text\"}', '2018-07-25 12:11:52', '2018-07-31 11:11:32', 'c29d25d0-b1f4-4d89-8a68-daaed3a63d17'),
 ('5', '2', 'Brew Image', 'brewImage', 'global', 'This image is use for the homepage listing and the Brew entry background', '0', 'Assets', '{\"useSingleFolder\":\"\",\"sources\":[\"folder:1\"],\"defaultUploadLocationSource\":\"1\",\"defaultUploadLocationSubpath\":\"{slug}\",\"singleUploadLocationSource\":\"1\",\"singleUploadLocationSubpath\":\"\",\"restrictFiles\":\"1\",\"allowedKinds\":[\"image\"],\"limit\":\"1\",\"viewMode\":\"large\",\"selectionLabel\":\"Choose a brew image\"}', '2018-07-25 12:41:18', '2018-07-31 07:37:32', '6f0324c0-aaa6-4c87-84f9-bc95366a74d0'),
 ('6', '1', 'Tagline', 'tagline', 'global', '', '0', 'PlainText', '{\"placeholder\":\"\",\"maxLength\":\"\",\"multiline\":\"\",\"initialRows\":\"4\"}', '2018-07-26 08:54:05', '2018-07-31 12:00:07', '3af7d86a-7c86-4b1b-9498-8012660e13b4'),
 ('8', '1', 'Button Collection', 'buttonCollection', 'global', 'Create a collection of CTA buttons with URL', '0', 'Table', '{\"columns\":{\"col1\":{\"heading\":\"Button Label\",\"handle\":\"buttonLabel\",\"width\":\"\",\"type\":\"singleline\"},\"col2\":{\"heading\":\"Button URL\",\"handle\":\"buttonUrl\",\"width\":\"\",\"type\":\"singleline\"}},\"defaults\":{\"row1\":{\"col1\":\"\",\"col2\":\"\"}}}', '2018-07-31 13:19:38', '2018-07-31 13:19:38', '93ea07f5-ef6a-4694-bf5d-880034cc7cd1'),
 ('9', '2', 'Original Brew Date', 'originalBrewDate', 'global', 'Fill in the brew date', '0', 'Date', '{\"minuteIncrement\":\"30\",\"showDate\":1,\"showTime\":0}', '2018-08-01 06:52:51', '2018-08-01 07:10:42', '1fe64c18-92b7-44d3-ba55-f078a16cd1e8'),
 ('10', '2', 'Brew Type', 'brewType', 'global', 'Fill in the brew type', '0', 'PlainText', '{\"placeholder\":\"\",\"maxLength\":\"\",\"multiline\":\"\",\"initialRows\":\"4\"}', '2018-08-01 06:54:04', '2018-08-01 06:54:04', '330af0e3-4f4e-424a-b158-caca6a55a7e5'),
 ('11', '3', 'Recipe Snapshot', 'recipeSnapshot', 'global', '', '0', 'Table', '{\"columns\":{\"col1\":{\"heading\":\"Snapshot Text\",\"handle\":\"snapshotText\",\"width\":\"\",\"type\":\"singleline\"}},\"defaults\":{\"row1\":{\"col1\":\"\"}}}', '2018-08-01 08:34:48', '2018-08-01 08:36:53', '9d263c55-6392-4417-80e7-bfcd3676df11'),
 ('12', '3', 'Recipe Contents', 'recipeContents', 'global', '', '0', 'Matrix', '{\"maxBlocks\":null}', '2018-08-01 08:35:47', '2018-08-01 08:55:53', '53bf493f-4f4b-4148-a31a-56bd17866dc8'),
 ('13', NULL, 'Recipe Image', 'recipeImage', 'matrixBlockType:1', '', '0', 'Assets', '{\"useSingleFolder\":\"\",\"sources\":\"*\",\"defaultUploadLocationSource\":\"1\",\"defaultUploadLocationSubpath\":\"\",\"singleUploadLocationSource\":\"1\",\"singleUploadLocationSubpath\":\"\",\"restrictFiles\":\"\",\"limit\":\"1\",\"viewMode\":\"large\",\"selectionLabel\":\"\"}', '2018-08-01 08:49:46', '2018-08-01 08:55:53', '7c578bbd-29c1-4f9f-8f61-772bdca4cb4e'),
 ('14', NULL, 'Image Caption', 'imageCaption', 'matrixBlockType:1', '', '0', 'PlainText', '{\"placeholder\":\"\",\"maxLength\":\"\",\"multiline\":\"\",\"initialRows\":\"4\"}', '2018-08-01 08:49:46', '2018-08-01 08:55:53', 'e48f50ce-b9d1-41c3-add5-859fdff134c0'),
 ('15', NULL, 'Tip Content', 'tipContent', 'matrixBlockType:2', '', '0', 'PlainText', '{\"placeholder\":\"\",\"maxLength\":\"\",\"multiline\":\"\",\"initialRows\":\"4\"}', '2018-08-01 08:49:46', '2018-08-01 08:55:53', '2ce196a3-98d2-4b59-91b7-52b30260e91e'),
 ('16', NULL, 'Steps Title', 'stepsTitle', 'matrixBlockType:3', '', '0', 'PlainText', '{\"placeholder\":\"\",\"maxLength\":\"\",\"multiline\":\"\",\"initialRows\":\"4\"}', '2018-08-01 08:53:19', '2018-08-01 08:55:53', '9eb58401-c123-4a0f-87cf-3cceca5d159f'),
 ('17', NULL, 'Steps Content', 'stepsContent', 'matrixBlockType:3', '', '0', 'Table', '{\"columns\":{\"col1\":{\"heading\":\"Step Instructions\",\"handle\":\"stepInstructions\",\"width\":\"\",\"type\":\"singleline\"}},\"defaults\":{\"row1\":{\"col1\":\"\"}}}', '2018-08-01 08:53:19', '2018-08-01 08:55:53', 'fd5ef2a8-1dd6-4ee4-af30-20021fe16b40'),
 ('18', NULL, 'Ingredients', 'ingredients', 'matrixBlockType:4', '', '0', 'Table', '{\"columns\":{\"col1\":{\"heading\":\"Amount\",\"handle\":\"amount\",\"width\":\"\",\"type\":\"singleline\"},\"col2\":{\"heading\":\"Ingredient\",\"handle\":\"ingredient\",\"width\":\"\",\"type\":\"singleline\"}},\"defaults\":{\"row1\":{\"col1\":\"\",\"col2\":\"\"}}}', '2018-08-01 08:53:19', '2018-08-01 08:55:53', '2de3f65a-ad47-4053-b0f5-edbf117ce407'),
 ('19', NULL, 'Body Content', 'bodyContent', 'matrixBlockType:5', '', '0', 'RichText', '{\"configFile\":\"Simple.json\",\"availableAssetSources\":\"*\",\"availableTransforms\":\"*\",\"cleanupHtml\":\"1\",\"purifyHtml\":\"1\",\"purifierConfig\":\"\",\"columnType\":\"text\"}', '2018-08-01 08:55:53', '2018-08-01 08:55:53', '04231751-b2ba-462f-98e4-2a07276df0e5');



DROP TABLE IF EXISTS `craft_globalsets`;


--
-- Schema for table `craft_globalsets`
--
CREATE TABLE `craft_globalsets` (
  `id` int(11) NOT NULL,
  `name` varchar(255) COLLATE utf8_unicode_ci NOT NULL,
  `handle` varchar(255) COLLATE utf8_unicode_ci NOT NULL,
  `fieldLayoutId` int(10) DEFAULT NULL,
  `dateCreated` datetime NOT NULL,
  `dateUpdated` datetime NOT NULL,
  `uid` char(36) COLLATE utf8_unicode_ci NOT NULL DEFAULT '0',
  PRIMARY KEY (`id`),
  UNIQUE KEY `craft_globalsets_name_unq_idx` (`name`),
  UNIQUE KEY `craft_globalsets_handle_unq_idx` (`handle`),
  KEY `craft_globalsets_fieldLayoutId_fk` (`fieldLayoutId`)
) ENGINE=InnoDB DEFAULT CHARSET=utf8 COLLATE=utf8_unicode_ci;

DROP TABLE IF EXISTS `craft_info`;


--
-- Schema for table `craft_info`
--
CREATE TABLE `craft_info` (
  `id` int(11) NOT NULL AUTO_INCREMENT,
  `version` varchar(50) COLLATE utf8_unicode_ci NOT NULL,
  `schemaVersion` varchar(15) COLLATE utf8_unicode_ci NOT NULL,
  `edition` tinyint(1) unsigned NOT NULL DEFAULT '0',
  `siteName` varchar(100) COLLATE utf8_unicode_ci NOT NULL,
  `siteUrl` varchar(255) COLLATE utf8_unicode_ci NOT NULL,
  `timezone` varchar(30) COLLATE utf8_unicode_ci DEFAULT NULL,
  `on` tinyint(1) unsigned NOT NULL DEFAULT '0',
  `maintenance` tinyint(1) unsigned NOT NULL DEFAULT '0',
  `dateCreated` datetime NOT NULL,
  `dateUpdated` datetime NOT NULL,
  `uid` char(36) COLLATE utf8_unicode_ci NOT NULL DEFAULT '0',
  PRIMARY KEY (`id`)
) ENGINE=InnoDB AUTO_INCREMENT=2 DEFAULT CHARSET=utf8 COLLATE=utf8_unicode_ci;

--
-- Data for table `craft_info`
--

INSERT INTO `craft_info` (`id`, `version`, `schemaVersion`, `edition`, `siteName`, `siteUrl`, `timezone`, `on`, `maintenance`, `dateCreated`, `dateUpdated`, `uid`) VALUES
 ('1', '2.6.3019', '2.6.14', '2', 'Brewery Local Statik', 'http://brewery.local.statik.be', 'UTC', '1', '1', '2018-07-24 14:16:11', '2018-08-01 09:13:17', 'faa9adb3-938d-432d-8310-8dffbf5e33ba');



DROP TABLE IF EXISTS `craft_locales`;


--
-- Schema for table `craft_locales`
--
CREATE TABLE `craft_locales` (
  `locale` char(12) COLLATE utf8_unicode_ci NOT NULL,
  `sortOrder` smallint(6) unsigned DEFAULT NULL,
  `dateCreated` datetime NOT NULL,
  `dateUpdated` datetime NOT NULL,
  `uid` char(36) COLLATE utf8_unicode_ci NOT NULL DEFAULT '0',
  PRIMARY KEY (`locale`),
  KEY `craft_locales_sortOrder_idx` (`sortOrder`)
) ENGINE=InnoDB DEFAULT CHARSET=utf8 COLLATE=utf8_unicode_ci;

--
-- Data for table `craft_locales`
--

INSERT INTO `craft_locales` (`locale`, `sortOrder`, `dateCreated`, `dateUpdated`, `uid`) VALUES
 ('en_gb', '1', '2018-07-24 14:16:11', '2018-07-24 14:16:11', '6a52f8f3-11bd-4560-8550-f9ef7bef3890');



DROP TABLE IF EXISTS `craft_matrixblocks`;


--
-- Schema for table `craft_matrixblocks`
--
CREATE TABLE `craft_matrixblocks` (
  `id` int(11) NOT NULL,
  `ownerId` int(11) NOT NULL,
  `fieldId` int(11) NOT NULL,
  `typeId` int(11) DEFAULT NULL,
  `sortOrder` smallint(6) unsigned DEFAULT NULL,
  `ownerLocale` char(12) COLLATE utf8_unicode_ci DEFAULT NULL,
  `dateCreated` datetime NOT NULL,
  `dateUpdated` datetime NOT NULL,
  `uid` char(36) COLLATE utf8_unicode_ci NOT NULL DEFAULT '0',
  PRIMARY KEY (`id`),
  KEY `craft_matrixblocks_ownerId_idx` (`ownerId`),
  KEY `craft_matrixblocks_fieldId_idx` (`fieldId`),
  KEY `craft_matrixblocks_typeId_idx` (`typeId`),
  KEY `craft_matrixblocks_sortOrder_idx` (`sortOrder`),
  KEY `craft_matrixblocks_ownerLocale_fk` (`ownerLocale`)
) ENGINE=InnoDB DEFAULT CHARSET=utf8 COLLATE=utf8_unicode_ci;

--
-- Data for table `craft_matrixblocks`
--

INSERT INTO `craft_matrixblocks` (`id`, `ownerId`, `fieldId`, `typeId`, `sortOrder`, `ownerLocale`, `dateCreated`, `dateUpdated`, `uid`) VALUES
 ('21', '20', '12', '4', '1', NULL, '2018-08-01 09:12:41', '2018-08-01 09:12:50', '1cfa928d-9253-4e49-9db4-cbbb518abdcd'),
 ('22', '20', '12', '1', '2', NULL, '2018-08-01 09:12:41', '2018-08-01 09:12:50', '32b3b8f6-55b4-4590-84ea-547178bb9d0c'),
 ('23', '20', '12', '2', '3', NULL, '2018-08-01 09:12:41', '2018-08-01 09:12:50', '86ba4c47-1928-47bb-b857-5bb44c4c96ea'),
 ('24', '20', '12', '5', '4', NULL, '2018-08-01 09:12:41', '2018-08-01 09:12:50', 'e8353b5f-5894-416d-8923-291d28c69178'),
 ('25', '20', '12', '3', '5', NULL, '2018-08-01 09:12:41', '2018-08-01 09:12:50', '2493da46-5c9c-42fc-903f-4a10865aebe6'),
 ('26', '20', '12', '3', '6', NULL, '2018-08-01 09:12:41', '2018-08-01 09:12:50', 'bceb9367-4a22-4bf7-95f7-51d4d43a1221'),
 ('27', '20', '12', '3', '7', NULL, '2018-08-01 09:12:41', '2018-08-01 09:12:50', 'ad2f14ce-1386-4c2a-a00e-283fe0e93307'),
 ('28', '20', '12', '1', '8', NULL, '2018-08-01 09:12:41', '2018-08-01 09:12:50', '95798758-fb10-42bd-82a4-978d4dd107dc'),
 ('29', '20', '12', '5', '9', NULL, '2018-08-01 09:12:41', '2018-08-01 09:12:50', '4c3b64e0-8240-4738-9b2f-fcce15e9cb0a'),
 ('30', '20', '12', '2', '10', NULL, '2018-08-01 09:12:41', '2018-08-01 09:12:50', '3fc73466-a3e6-4004-815c-d6fdf03c088c');



DROP TABLE IF EXISTS `craft_matrixblocktypes`;


--
-- Schema for table `craft_matrixblocktypes`
--
CREATE TABLE `craft_matrixblocktypes` (
  `id` int(11) NOT NULL AUTO_INCREMENT,
  `fieldId` int(11) NOT NULL,
  `fieldLayoutId` int(11) DEFAULT NULL,
  `name` varchar(255) COLLATE utf8_unicode_ci NOT NULL,
  `handle` varchar(255) COLLATE utf8_unicode_ci NOT NULL,
  `sortOrder` smallint(6) unsigned DEFAULT NULL,
  `dateCreated` datetime NOT NULL,
  `dateUpdated` datetime NOT NULL,
  `uid` char(36) COLLATE utf8_unicode_ci NOT NULL DEFAULT '0',
  PRIMARY KEY (`id`),
  UNIQUE KEY `craft_matrixblocktypes_name_fieldId_unq_idx` (`name`,`fieldId`),
  UNIQUE KEY `craft_matrixblocktypes_handle_fieldId_unq_idx` (`handle`,`fieldId`),
  KEY `craft_matrixblocktypes_fieldId_fk` (`fieldId`),
  KEY `craft_matrixblocktypes_fieldLayoutId_fk` (`fieldLayoutId`)
) ENGINE=InnoDB AUTO_INCREMENT=6 DEFAULT CHARSET=utf8 COLLATE=utf8_unicode_ci;

--
-- Data for table `craft_matrixblocktypes`
--

INSERT INTO `craft_matrixblocktypes` (`id`, `fieldId`, `fieldLayoutId`, `name`, `handle`, `sortOrder`, `dateCreated`, `dateUpdated`, `uid`) VALUES
 ('1', '12', '48', 'Recipe Image', 'recipeImage', '1', '2018-08-01 08:49:46', '2018-08-01 08:55:53', '66f68f0e-3f84-4f97-94d6-fe0d19d1b9e2'),
 ('2', '12', '49', 'Recipe Tip', 'recipeTip', '2', '2018-08-01 08:49:46', '2018-08-01 08:55:53', '923c2555-95f4-499d-982f-0e80368cfd2c'),
 ('3', '12', '50', 'Recipe Steps', 'recipeSteps', '3', '2018-08-01 08:53:19', '2018-08-01 08:55:53', 'f5585486-e29a-472b-a6e7-fdaa926da6f0'),
 ('4', '12', '51', 'Recipe Ingredrients', 'recipeIngredrient', '4', '2018-08-01 08:53:19', '2018-08-01 08:55:53', '9479299e-8118-4c22-b90b-ecbc36073ab7'),
 ('5', '12', '52', 'Recipe Copy', 'recipeCopy', '5', '2018-08-01 08:55:53', '2018-08-01 08:55:53', '224388a2-615d-464d-a842-daa07dbf4031');



DROP TABLE IF EXISTS `craft_matrixcontent_recipecontents`;


--
-- Schema for table `craft_matrixcontent_recipecontents`
--
CREATE TABLE `craft_matrixcontent_recipecontents` (
  `id` int(11) NOT NULL AUTO_INCREMENT,
  `elementId` int(11) NOT NULL,
  `locale` char(12) COLLATE utf8_unicode_ci NOT NULL,
  `field_recipeImage_imageCaption` text COLLATE utf8_unicode_ci,
  `field_recipeTip_tipContent` text COLLATE utf8_unicode_ci,
  `field_recipeSteps_stepsTitle` text COLLATE utf8_unicode_ci,
  `field_recipeSteps_stepsContent` text COLLATE utf8_unicode_ci,
  `field_recipeIngredrient_ingredients` text COLLATE utf8_unicode_ci,
  `field_recipeCopy_bodyContent` text COLLATE utf8_unicode_ci,
  `dateCreated` datetime NOT NULL,
  `dateUpdated` datetime NOT NULL,
  `uid` char(36) COLLATE utf8_unicode_ci NOT NULL DEFAULT '0',
  PRIMARY KEY (`id`),
  UNIQUE KEY `craft_matrixcontent_recipecontents_elementId_locale_unq_idx` (`elementId`,`locale`),
  KEY `craft_matrixcontent_recipecontents_locale_fk` (`locale`)
) ENGINE=InnoDB AUTO_INCREMENT=11 DEFAULT CHARSET=utf8 COLLATE=utf8_unicode_ci;

--
-- Data for table `craft_matrixcontent_recipecontents`
--

INSERT INTO `craft_matrixcontent_recipecontents` (`id`, `elementId`, `locale`, `field_recipeImage_imageCaption`, `field_recipeTip_tipContent`, `field_recipeSteps_stepsTitle`, `field_recipeSteps_stepsContent`, `field_recipeIngredrient_ingredients`, `field_recipeCopy_bodyContent`, `dateCreated`, `dateUpdated`, `uid`) VALUES
 ('1', '21', 'en_gb', NULL, NULL, NULL, NULL, '[{\"col1\":\"1 cup \",\"col2\":\"Something\"},{\"col1\":\"2 gallons\",\"col2\":\"water\"},{\"col1\":\"3 oz \",\"col2\":\"yeast\"},{\"col1\":\"24\",\"col2\":\"clean bottles\"}]', NULL, '2018-08-01 09:12:41', '2018-08-01 09:12:50', '5116a498-a70b-4612-b324-a76835aec8dd'),
 ('2', '22', 'en_gb', 'This is a caption', NULL, NULL, NULL, NULL, NULL, '2018-08-01 09:12:41', '2018-08-01 09:12:50', 'd87cda8a-59e5-4df3-bd3b-d40a691deff0'),
 ('3', '23', 'en_gb', NULL, 'Lorem ipsum is a pseudo-Latin text used in web design, typography, layout, and printing in place of English to emphasise design elements over content. It\'s also called placeholder (or filler) text. It\'s a convenient tool for mock-ups. It helps to outline the visual elements of a document or presentation, eg typography, font, or layout. Lorem ipsum is mostly a part of a Latin text by the classical author and philosopher Cicero. Its words and letters have been changed by addition or removal, so to deliberately render its content nonsensical; it\'s not genuine, correct, or comprehensible Latin anymore. While lorem ipsum\'s still resembles classical Latin, it actually has no meaning whatsoever. As Cicero\'s text doesn\'t contain the letters K, W, or Z, alien to latin, these, and others are often inserted randomly to mimic the typographic appearence of European languages, as are digraphs not to be found in the original.', NULL, NULL, NULL, NULL, '2018-08-01 09:12:41', '2018-08-01 09:12:50', '4005170a-b984-4433-b0c1-1bb5b6e3d059'),
 ('4', '24', 'en_gb', NULL, NULL, NULL, NULL, NULL, '<p><strong>Lorem ipsum</strong> is a pseudo-Latin text used in web design, typography, layout, and printing in place of English to emphasise design elements over content. It\'s also called placeholder (or filler) text. It\'s a convenient tool for mock-ups. It helps to outline the visual elements of a document or presentation, eg typography, font, or layout. Lorem ipsum is mostly a part of a Latin text by the classical author and philosopher Cicero. Its words and letters have been changed by addition or removal, so to deliberately render its content nonsensical; it\'s not genuine, correct, or comprehensible Latin anymore. While <strong>lorem ipsum</strong>\'s still resembles classical Latin, it actually has no meaning whatsoever. As Cicero\'s text doesn\'t contain the letters K, W, or Z, alien to latin, these, and others are often inserted randomly to mimic the typographic appearence of European languages, as are digraphs not to be found in the original.</p>\n<p><strong>Lorem ipsum</strong> is a pseudo-Latin text used in web design, typography, layout, and printing in place of English to emphasise design elements over content. It\'s also called placeholder (or filler) text. It\'s a convenient tool for mock-ups. It helps to outline the visual elements of a document or presentation, eg typography, font, or layout. Lorem ipsum is mostly a part of a Latin text by the classical author and philosopher Cicero. Its words and letters have been changed by addition or removal, so to deliberately render its content nonsensical; it\'s not genuine, correct, or comprehensible Latin anymore. While <strong>lorem ipsum</strong>\'s still resembles classical Latin, it actually has no meaning whatsoever. As Cicero\'s text doesn\'t contain the letters K, W, or Z, alien to latin, these, and others are often inserted randomly to mimic the typographic appearence of European languages, as are digraphs not to be found in the original.<br /></p>', '2018-08-01 09:12:41', '2018-08-01 09:12:50', '73c03c48-8467-42a7-bbb7-89b8acdaaee9'),
 ('5', '25', 'en_gb', NULL, NULL, 'Preparation', '[{\"col1\":\"In a professional context it often happens that private or corporate clients corder a publication to be made and presented with the actual content still not being ready. Think of a news blog that\'s filled with content hourly on the day of going live. \"},{\"col1\":\"Wash your workspace\"},{\"col1\":\"Clean your bottles\"},{\"col1\":\"Buy all ingredients\"},{\"col1\":\"\"}]', NULL, NULL, '2018-08-01 09:12:41', '2018-08-01 09:12:50', 'e0ce8d91-03c5-41d4-baac-3148805368eb'),
 ('6', '26', 'en_gb', NULL, NULL, 'Brewing', '[{\"col1\":\"step1\"},{\"col1\":\"step2\"},{\"col1\":\"step3\"}]', NULL, NULL, '2018-08-01 09:12:41', '2018-08-01 09:12:50', '4f6c41c3-7e5e-4328-ba4d-d927825819f4'),
 ('7', '27', 'en_gb', NULL, NULL, '', '[{\"col1\":\"\"}]', NULL, NULL, '2018-08-01 09:12:41', '2018-08-01 09:12:50', 'c97667e8-77b3-4a0a-8044-258e74a05a5d'),
 ('8', '28', 'en_gb', 'The finished beer!', NULL, NULL, NULL, NULL, NULL, '2018-08-01 09:12:41', '2018-08-01 09:12:50', '35c7d857-0374-483f-a5cf-430e65063207'),
 ('9', '29', 'en_gb', NULL, NULL, NULL, NULL, NULL, '<p>In a professional context it often happens that private or corporate clients corder a publication to be made and presented with the actual content still not being ready. Think of a news blog that\'s filled with content hourly on the day of going live. However, reviewers tend to be distracted by comprehensible content, say, a random text copied from a newspaper or the internet. The are likely to focus on the text, disregarding the layout and its elements. Besides, random text risks to be unintendedly humorous or offensive, an unacceptable risk in corporate environments. <strong>Lorem ipsum</strong> and its many variants have been employed since the early 1960ies, and quite likely since the sixteenth century.\n</p>\n<p><br /></p>\n<p>In a professional context it often happens that private or corporate clients corder a publication to be made and presented with the actual content still not being ready. Think of a news blog that\'s filled with content hourly on the day of going live. However, reviewers tend to be distracted by comprehensible content, say, a random text copied from a newspaper or the internet. The are likely to focus on the text, disregarding the layout and its elements. Besides, random text risks to be unintendedly humorous or offensive, an unacceptable risk in corporate environments. <strong>Lorem ipsum</strong> and its many variants have been employed since the early 1960ies, and quite likely since the sixteenth century.\n</p>\n<p><br /></p>', '2018-08-01 09:12:41', '2018-08-01 09:12:50', '235a6b79-2b3e-4d7f-b59f-4f5188fc1077'),
 ('10', '30', 'en_gb', NULL, 'In a professional context it often happens that private or corporate clients corder a publication to be made and presented with the actual content still not being ready. Think of a news blog that\'s filled with content hourly on the day of going live. However, reviewers tend to be distracted by comprehensible content, say, a random text copied from a newspaper or the internet. The are likely to focus on the text, disregarding the layout and its elements. ', NULL, NULL, NULL, NULL, '2018-08-01 09:12:41', '2018-08-01 09:12:50', 'a63b2f60-32df-4352-a348-8eab080ed142');



DROP TABLE IF EXISTS `craft_migrations`;


--
-- Schema for table `craft_migrations`
--
CREATE TABLE `craft_migrations` (
  `id` int(11) NOT NULL AUTO_INCREMENT,
  `pluginId` int(11) DEFAULT NULL,
  `version` varchar(255) COLLATE utf8_unicode_ci NOT NULL,
  `applyTime` datetime NOT NULL,
  `dateCreated` datetime NOT NULL,
  `dateUpdated` datetime NOT NULL,
  `uid` char(36) COLLATE utf8_unicode_ci NOT NULL DEFAULT '0',
  PRIMARY KEY (`id`),
  UNIQUE KEY `craft_migrations_version_unq_idx` (`version`),
  KEY `craft_migrations_pluginId_fk` (`pluginId`)
) ENGINE=InnoDB AUTO_INCREMENT=44 DEFAULT CHARSET=utf8 COLLATE=utf8_unicode_ci;

--
-- Data for table `craft_migrations`
--

INSERT INTO `craft_migrations` (`id`, `pluginId`, `version`, `applyTime`, `dateCreated`, `dateUpdated`, `uid`) VALUES
 ('1', NULL, 'm000000_000000_base', '2018-07-24 14:16:11', '2018-07-24 14:16:11', '2018-07-24 14:16:11', '6adbc0d5-5c71-4c49-ba06-60a1ded6af80'),
 ('2', NULL, 'm140730_000001_add_filename_and_format_to_transformindex', '2018-07-24 14:16:11', '2018-07-24 14:16:11', '2018-07-24 14:16:11', 'b414e1c3-b469-4ea6-bcb8-3e0b63ccac3b'),
 ('3', NULL, 'm140815_000001_add_format_to_transforms', '2018-07-24 14:16:11', '2018-07-24 14:16:11', '2018-07-24 14:16:11', '4a9a268a-0f2f-47d1-bf91-80aa0b4e895d'),
 ('4', NULL, 'm140822_000001_allow_more_than_128_items_per_field', '2018-07-24 14:16:11', '2018-07-24 14:16:11', '2018-07-24 14:16:11', 'f7fdd2db-4bdc-4a9d-8741-a003889a9a12'),
 ('5', NULL, 'm140829_000001_single_title_formats', '2018-07-24 14:16:11', '2018-07-24 14:16:11', '2018-07-24 14:16:11', '7cd65b4f-0a34-4880-a31c-8beea4d63e5b'),
 ('6', NULL, 'm140831_000001_extended_cache_keys', '2018-07-24 14:16:11', '2018-07-24 14:16:11', '2018-07-24 14:16:11', 'c9ee8a82-49f3-41a6-b00a-45329474e0d6'),
 ('7', NULL, 'm140922_000001_delete_orphaned_matrix_blocks', '2018-07-24 14:16:11', '2018-07-24 14:16:11', '2018-07-24 14:16:11', 'ab6906af-428e-4fcf-9959-7d0809593ea0'),
 ('8', NULL, 'm141008_000001_elements_index_tune', '2018-07-24 14:16:11', '2018-07-24 14:16:11', '2018-07-24 14:16:11', '8b7c31ac-c491-4d76-a76f-8e1b00a8a030'),
 ('9', NULL, 'm141009_000001_assets_source_handle', '2018-07-24 14:16:11', '2018-07-24 14:16:11', '2018-07-24 14:16:11', 'f2e0d79a-880e-421c-8d31-ce95ba55cf86'),
 ('10', NULL, 'm141024_000001_field_layout_tabs', '2018-07-24 14:16:11', '2018-07-24 14:16:11', '2018-07-24 14:16:11', '0dab3507-4119-46fb-bbd2-bdc9fc2645ea'),
 ('11', NULL, 'm141030_000000_plugin_schema_versions', '2018-07-24 14:16:11', '2018-07-24 14:16:11', '2018-07-24 14:16:11', '1340fe13-5779-434a-898d-1328d43c6c6f'),
 ('12', NULL, 'm141030_000001_drop_structure_move_permission', '2018-07-24 14:16:11', '2018-07-24 14:16:11', '2018-07-24 14:16:11', '9e4a7a02-8982-46e2-b661-2583bb7947da'),
 ('13', NULL, 'm141103_000001_tag_titles', '2018-07-24 14:16:11', '2018-07-24 14:16:11', '2018-07-24 14:16:11', '4eb67145-bb67-4e00-b0bf-3fcda799d0f5'),
 ('14', NULL, 'm141109_000001_user_status_shuffle', '2018-07-24 14:16:11', '2018-07-24 14:16:11', '2018-07-24 14:16:11', 'c719feca-6ff9-4067-be2b-53c4067dc633'),
 ('15', NULL, 'm141126_000001_user_week_start_day', '2018-07-24 14:16:11', '2018-07-24 14:16:11', '2018-07-24 14:16:11', 'cd02295a-d8ea-44b5-80cf-c39066b5d67e'),
 ('16', NULL, 'm150210_000001_adjust_user_photo_size', '2018-07-24 14:16:11', '2018-07-24 14:16:11', '2018-07-24 14:16:11', '67c55a79-7fdd-461b-8204-f8be3497742a'),
 ('17', NULL, 'm150724_000001_adjust_quality_settings', '2018-07-24 14:16:11', '2018-07-24 14:16:11', '2018-07-24 14:16:11', 'd43247c0-802a-45de-a8fd-8ab3a9598226'),
 ('18', NULL, 'm150827_000000_element_index_settings', '2018-07-24 14:16:11', '2018-07-24 14:16:11', '2018-07-24 14:16:11', 'fc69d8fb-6538-4329-ab73-1c859f384ed4'),
 ('19', NULL, 'm150918_000001_add_colspan_to_widgets', '2018-07-24 14:16:11', '2018-07-24 14:16:11', '2018-07-24 14:16:11', 'bb6ee9de-1ab6-4074-9fe4-f7035d8ef284'),
 ('20', NULL, 'm151007_000000_clear_asset_caches', '2018-07-24 14:16:11', '2018-07-24 14:16:11', '2018-07-24 14:16:11', 'c57f4a04-59ae-461f-b61e-7eba0f2f73d6'),
 ('21', NULL, 'm151109_000000_text_url_formats', '2018-07-24 14:16:11', '2018-07-24 14:16:11', '2018-07-24 14:16:11', 'e1fca647-69ab-44f4-8149-f915f37bfe6f'),
 ('22', NULL, 'm151110_000000_move_logo', '2018-07-24 14:16:11', '2018-07-24 14:16:11', '2018-07-24 14:16:11', '619f158a-92a4-4e22-a3b0-3b98b04be827'),
 ('23', NULL, 'm151117_000000_adjust_image_widthheight', '2018-07-24 14:16:11', '2018-07-24 14:16:11', '2018-07-24 14:16:11', '89d7672a-bd57-448e-945b-f934790c3b41'),
 ('24', NULL, 'm151127_000000_clear_license_key_status', '2018-07-24 14:16:11', '2018-07-24 14:16:11', '2018-07-24 14:16:11', '9351433a-d891-4c55-8956-35898b815aa2'),
 ('25', NULL, 'm151127_000000_plugin_license_keys', '2018-07-24 14:16:11', '2018-07-24 14:16:11', '2018-07-24 14:16:11', '31efa218-999e-4a06-a60e-8e19e36ccf71'),
 ('26', NULL, 'm151130_000000_update_pt_widget_feeds', '2018-07-24 14:16:11', '2018-07-24 14:16:11', '2018-07-24 14:16:11', 'acaad9d0-30bc-4d4a-b08a-b8ed35504321'),
 ('27', NULL, 'm160114_000000_asset_sources_public_url_default_true', '2018-07-24 14:16:11', '2018-07-24 14:16:11', '2018-07-24 14:16:11', '392f28b4-451f-465b-98ff-753221c81d7d'),
 ('28', NULL, 'm160223_000000_sortorder_to_smallint', '2018-07-24 14:16:11', '2018-07-24 14:16:11', '2018-07-24 14:16:11', 'cb750a49-c681-4046-94a6-7f38d92be300'),
 ('29', NULL, 'm160229_000000_set_default_entry_statuses', '2018-07-24 14:16:11', '2018-07-24 14:16:11', '2018-07-24 14:16:11', 'd55efa19-06fd-4f19-af6f-34436b985b15'),
 ('30', NULL, 'm160304_000000_client_permissions', '2018-07-24 14:16:11', '2018-07-24 14:16:11', '2018-07-24 14:16:11', 'f8b73272-ffcf-4601-8cb5-973a1131bd23'),
 ('31', NULL, 'm160322_000000_asset_filesize', '2018-07-24 14:16:11', '2018-07-24 14:16:11', '2018-07-24 14:16:11', '7cdba55b-c3ac-4c32-8c7a-6c36ea7d8b18'),
 ('32', NULL, 'm160503_000000_orphaned_fieldlayouts', '2018-07-24 14:16:11', '2018-07-24 14:16:11', '2018-07-24 14:16:11', '67717214-c63e-4459-8629-4c5414af9dab'),
 ('33', NULL, 'm160510_000000_tasksettings', '2018-07-24 14:16:11', '2018-07-24 14:16:11', '2018-07-24 14:16:11', '35983355-ac2c-4af3-ab16-b5166c6a75cd'),
 ('34', NULL, 'm160829_000000_pending_user_content_cleanup', '2018-07-24 14:16:11', '2018-07-24 14:16:11', '2018-07-24 14:16:11', '806c113e-ce8c-46c1-8299-df1b60b496b7'),
 ('35', NULL, 'm160830_000000_asset_index_uri_increase', '2018-07-24 14:16:11', '2018-07-24 14:16:11', '2018-07-24 14:16:11', 'ba303529-98d3-4906-8815-8a00eb373c48'),
 ('36', NULL, 'm160919_000000_usergroup_handle_title_unique', '2018-07-24 14:16:11', '2018-07-24 14:16:11', '2018-07-24 14:16:11', 'b45c8fbc-6d1e-4aae-89cd-7ffa5fecfba5'),
 ('37', NULL, 'm161108_000000_new_version_format', '2018-07-24 14:16:11', '2018-07-24 14:16:11', '2018-07-24 14:16:11', '84031835-5ff7-4214-987d-9e936e449710'),
 ('38', NULL, 'm161109_000000_index_shuffle', '2018-07-24 14:16:11', '2018-07-24 14:16:11', '2018-07-24 14:16:11', '95b7d0f4-a783-44ed-ba6b-8c53f59659ec'),
 ('39', NULL, 'm170612_000000_route_index_shuffle', '2018-07-24 14:16:11', '2018-07-24 14:16:11', '2018-07-24 14:16:11', '4dcb14a0-6fd1-4f94-a50a-a87f501d9b8a'),
 ('40', NULL, 'm171107_000000_assign_group_permissions', '2018-07-24 14:16:11', '2018-07-24 14:16:11', '2018-07-24 14:16:11', '6caf3dfb-2737-4581-a658-c9608aa4e218'),
 ('41', NULL, 'm171117_000001_templatecache_index_tune', '2018-07-24 14:16:11', '2018-07-24 14:16:11', '2018-07-24 14:16:11', 'ee9b6691-51e6-4197-9bee-79e868f58583'),
 ('42', NULL, 'm171204_000001_templatecache_index_tune_deux', '2018-07-24 14:16:11', '2018-07-24 14:16:11', '2018-07-24 14:16:11', '97ab567e-b76b-47df-9413-4058ecfa53c4'),
 ('43', NULL, 'm180406_000000_pro_upgrade', '2018-07-24 14:16:11', '2018-07-24 14:16:11', '2018-07-24 14:16:11', 'cbe55f74-e140-4a05-8580-e80de738f493');



DROP TABLE IF EXISTS `craft_plugins`;


--
-- Schema for table `craft_plugins`
--
CREATE TABLE `craft_plugins` (
  `id` int(11) NOT NULL AUTO_INCREMENT,
  `class` varchar(150) COLLATE utf8_unicode_ci NOT NULL,
  `version` varchar(15) COLLATE utf8_unicode_ci NOT NULL,
  `schemaVersion` varchar(15) COLLATE utf8_unicode_ci DEFAULT NULL,
  `licenseKey` char(24) COLLATE utf8_unicode_ci DEFAULT NULL,
  `licenseKeyStatus` enum('valid','invalid','mismatched','unknown') COLLATE utf8_unicode_ci NOT NULL DEFAULT 'unknown',
  `enabled` tinyint(1) unsigned NOT NULL DEFAULT '0',
  `settings` text COLLATE utf8_unicode_ci,
  `installDate` datetime NOT NULL,
  `dateCreated` datetime NOT NULL,
  `dateUpdated` datetime NOT NULL,
  `uid` char(36) COLLATE utf8_unicode_ci NOT NULL DEFAULT '0',
  PRIMARY KEY (`id`)
) ENGINE=InnoDB DEFAULT CHARSET=utf8 COLLATE=utf8_unicode_ci;

DROP TABLE IF EXISTS `craft_rackspaceaccess`;


--
-- Schema for table `craft_rackspaceaccess`
--
CREATE TABLE `craft_rackspaceaccess` (
  `id` int(11) NOT NULL AUTO_INCREMENT,
  `connectionKey` varchar(255) COLLATE utf8_unicode_ci NOT NULL,
  `token` varchar(255) COLLATE utf8_unicode_ci NOT NULL,
  `storageUrl` varchar(255) COLLATE utf8_unicode_ci NOT NULL,
  `cdnUrl` varchar(255) COLLATE utf8_unicode_ci NOT NULL,
  `dateCreated` datetime NOT NULL,
  `dateUpdated` datetime NOT NULL,
  `uid` char(36) COLLATE utf8_unicode_ci NOT NULL DEFAULT '0',
  PRIMARY KEY (`id`),
  UNIQUE KEY `craft_rackspaceaccess_connectionKey_unq_idx` (`connectionKey`)
) ENGINE=InnoDB DEFAULT CHARSET=utf8 COLLATE=utf8_unicode_ci;

DROP TABLE IF EXISTS `craft_relations`;


--
-- Schema for table `craft_relations`
--
CREATE TABLE `craft_relations` (
  `id` int(11) NOT NULL AUTO_INCREMENT,
  `fieldId` int(11) NOT NULL,
  `sourceId` int(11) NOT NULL,
  `sourceLocale` char(12) COLLATE utf8_unicode_ci DEFAULT NULL,
  `targetId` int(11) NOT NULL,
  `sortOrder` smallint(6) DEFAULT NULL,
  `dateCreated` datetime NOT NULL,
  `dateUpdated` datetime NOT NULL,
  `uid` char(36) COLLATE utf8_unicode_ci NOT NULL DEFAULT '0',
  PRIMARY KEY (`id`),
  UNIQUE KEY `craft_relations_fieldId_sourceId_sourceLocale_targetId_unq_idx` (`fieldId`,`sourceId`,`sourceLocale`,`targetId`),
  KEY `craft_relations_sourceId_fk` (`sourceId`),
  KEY `craft_relations_sourceLocale_fk` (`sourceLocale`),
  KEY `craft_relations_targetId_fk` (`targetId`)
) ENGINE=InnoDB AUTO_INCREMENT=21 DEFAULT CHARSET=utf8 COLLATE=utf8_unicode_ci;

--
-- Data for table `craft_relations`
--

INSERT INTO `craft_relations` (`id`, `fieldId`, `sourceId`, `sourceLocale`, `targetId`, `sortOrder`, `dateCreated`, `dateUpdated`, `uid`) VALUES
 ('1', '5', '5', NULL, '10', '1', '2018-07-26 08:31:41', '2018-07-26 08:31:41', 'c973874e-d01c-4c8d-9630-271f8fe221d0'),
 ('12', '5', '16', NULL, '10', '1', '2018-08-01 07:04:36', '2018-08-01 07:04:36', 'd9205d15-4e11-42e5-a594-18fad260ed58'),
 ('13', '5', '17', NULL, '14', '1', '2018-08-01 07:04:51', '2018-08-01 07:04:51', '27462e8d-945c-4793-ae79-dd6877be9bd2'),
 ('14', '5', '15', NULL, '14', '1', '2018-08-01 07:05:11', '2018-08-01 07:05:11', '90e2499d-e3b1-4223-9d3b-5eb52b74fb9d'),
 ('19', '13', '22', NULL, '14', '1', '2018-08-01 09:12:50', '2018-08-01 09:12:50', '7cf00289-f5e8-45a7-8059-b9325d47b70f'),
 ('20', '13', '28', NULL, '10', '1', '2018-08-01 09:12:50', '2018-08-01 09:12:50', '36e40720-35a0-4023-a0dd-f847ded9c643');



DROP TABLE IF EXISTS `craft_routes`;


--
-- Schema for table `craft_routes`
--
CREATE TABLE `craft_routes` (
  `id` int(11) NOT NULL AUTO_INCREMENT,
  `locale` char(12) COLLATE utf8_unicode_ci DEFAULT NULL,
  `urlParts` varchar(255) COLLATE utf8_unicode_ci NOT NULL,
  `urlPattern` varchar(255) COLLATE utf8_unicode_ci NOT NULL,
  `template` varchar(255) COLLATE utf8_unicode_ci NOT NULL,
  `sortOrder` smallint(6) unsigned DEFAULT NULL,
  `dateCreated` datetime NOT NULL,
  `dateUpdated` datetime NOT NULL,
  `uid` char(36) COLLATE utf8_unicode_ci NOT NULL DEFAULT '0',
  PRIMARY KEY (`id`),
  KEY `craft_routes_locale_idx` (`locale`),
  KEY `craft_routes_urlPattern_idx` (`urlPattern`)
) ENGINE=InnoDB DEFAULT CHARSET=utf8 COLLATE=utf8_unicode_ci;

DROP TABLE IF EXISTS `craft_searchindex`;


--
-- Schema for table `craft_searchindex`
--
CREATE TABLE `craft_searchindex` (
  `elementId` int(11) NOT NULL,
  `attribute` varchar(25) COLLATE utf8_unicode_ci NOT NULL,
  `fieldId` int(11) NOT NULL,
  `locale` char(12) COLLATE utf8_unicode_ci NOT NULL,
  `keywords` text COLLATE utf8_unicode_ci NOT NULL,
  PRIMARY KEY (`elementId`,`attribute`,`fieldId`,`locale`),
  FULLTEXT KEY `craft_searchindex_keywords_idx` (`keywords`)
) ENGINE=MyISAM DEFAULT CHARSET=utf8 COLLATE=utf8_unicode_ci;

--
-- Data for table `craft_searchindex`
--

INSERT INTO `craft_searchindex` (`elementId`, `attribute`, `fieldId`, `locale`, `keywords`) VALUES
 ('1', 'username', '0', 'en_gb', ' lynn statik '),
 ('1', 'firstname', '0', 'en_gb', ''),
 ('1', 'lastname', '0', 'en_gb', ''),
 ('1', 'fullname', '0', 'en_gb', ''),
 ('1', 'email', '0', 'en_gb', ' lynn statik gmail com '),
 ('1', 'slug', '0', 'en_gb', ''),
 ('2', 'slug', '0', 'en_gb', ' homepage '),
 ('2', 'title', '0', 'en_gb', ' crafty brewery '),
 ('2', 'field', '1', 'en_gb', ' it s true this site doesn t have a whole lot of content yet but don t worry our web developers have just installed the cms and they re setting things up for the content editors this very moment soon brewery local statik be will be an oasis of fresh perspectives sharp analyses and astute opinions that will keep you coming back again and again '),
 ('3', 'field', '1', 'en_gb', ' craft is the cms that s powering brewery local statik be it s beautiful powerful flexible and easy to use and it s made by pixel tonic we can t wait to dive in and see what it s capable of this is even more captivating content which you couldn t see on the news index page because it was entered after a page break and the news index template only likes to show the content on the first page craft a nice alternative to word if you re making a website '),
 ('3', 'field', '2', 'en_gb', ''),
 ('3', 'slug', '0', 'en_gb', ' we just installed craft '),
 ('3', 'title', '0', 'en_gb', ' we just installed craft '),
 ('3', 'field', '3', 'en_gb', ' lorem ipsum dolor sit amet consectetur adipiscing elit phasellus nec lacus enim proin interdum augue sed erat consectetur eget condimentum sapien fermentum '),
 ('15', 'field', '3', 'en_gb', ' lorem ipsum is simply dummy text of the printing and typesetting industry lorem ipsum has been the industry s standard dummy text ever since the 1500s when an unknown printer took a galley of type and scrambled it to make a type specimen book it has survived not only five centuries but also the leap into electronic typesetting '),
 ('15', 'field', '4', 'en_gb', ' lorem ipsum is simply dummy text of the printing and typesetting industry lorem ipsum has been the industry s standard dummy text ever since the 1500s when an unknown printer took a galley of type and scrambled it to make a type specimen book it has survived not only five centuries but also the leap into electronic typesetting remaining essentially unchanged it was popularised in the 1960s with the release of letraset sheets containing lorem ipsum passages and more recently with desktop publishing software like aldus pagemaker including versions of lorem ipsum lorem ipsum is simply dummy text of the printing and typesetting industry lorem ipsum has been the industry s standard dummy text ever since the 1500s when an unknown printer took a galley of type and scrambled it to make a type specimen book it has survived not only five centuries but also the leap into electronic typesetting remaining essentially unchanged it was popularised in the 1960s with the release of letraset sheets containing lorem ipsum passages and more recently with desktop publishing software like aldus pagemaker including versions of lorem ipsum lorem ipsum is simply dummy text of the printing and typesetting industry lorem ipsum has been the industry s standard dummy text ever since the 1500s when an unknown printer took a galley of type and scrambled it to make a type specimen book it has survived not only five centuries but also the leap into electronic typesetting remaining essentially unchanged it was popularised in the 1960s with the release of letraset sheets containing lorem ipsum passages and more recently with desktop publishing software like aldus pagemaker including versions of lorem ipsum '),
 ('15', 'field', '5', 'en_gb', ' dark horse tres blueberry stout 2 '),
 ('5', 'field', '1', 'en_gb', ' lorem ipsum is simply dummy text of the printing and typesetting industry lorem ipsum has been the industry s standard dummy text ever since the 1500s when an unknown printer took a galley of type and scrambled it to make a type specimen book it has survived not only five centuries but also the leap into electronic typesetting remaining essentially unchanged it was popularised in the 1960s with the release of letraset sheets containing lorem ipsum passages and more recently with desktop publishing software like aldus pagemaker including versions of lorem ipsum it is a long established fact that a reader will be distracted by the readable content of a page when looking at its layout the point of using lorem ipsum is that it has a more or less normal distribution of letters as opposed to using content here content here making it look like readable english many desktop publishing packages and web page editors now use lorem ipsum as their default model text and a search for lorem ipsum will uncover many web sites still in their infancy various versions have evolved over the years sometimes by accident sometimes on purpose injected humour and the like '),
 ('5', 'slug', '0', 'en_gb', ' about '),
 ('5', 'title', '0', 'en_gb', ' about brewery '),
 ('6', 'field', '1', 'en_gb', ' what is lorem ipsum lorem ipsum is simply dummy text of the printing and typesetting industry lorem ipsum has been the industry s standard dummy text ever since the 1500s when an unknown printer took a galley of type and scrambled it to make a type specimen book it has survived not only five centuries but also the leap into electronic typesetting remaining essentially unchanged it was popularised in the 1960s with the release of letraset sheets containing lorem ipsum passages and more recently with desktop publishing software like aldus pagemaker including versions of lorem ipsum why do we use it it is a long established fact that a reader will be distracted by the readable content of a page when looking at its layout the point of using lorem ipsum is that it has a more or less normal distribution of letters as opposed to using content here content here making it look like readable english many desktop publishing packages and web page editors now use lorem ipsum as their default model text and a search for lorem ipsum will uncover many web sites still in their infancy various versions have evolved over the years sometimes by accident sometimes on purpose injected humour and the like '),
 ('6', 'slug', '0', 'en_gb', ' offices '),
 ('6', 'title', '0', 'en_gb', ' offices '),
 ('7', 'field', '1', 'en_gb', ' what is lorem ipsum lorem ipsum is simply dummy text of the printing and typesetting industry lorem ipsum has been the industry s standard dummy text ever since the 1500s when an unknown printer took a galley of type and scrambled it to make a type specimen book it has survived not only five centuries but also the leap into electronic typesetting remaining essentially unchanged it was popularised in the 1960s with the release of letraset sheets containing lorem ipsum passages and more recently with desktop publishing software like aldus pagemaker including versions of lorem ipsum why do we use it it is a long established fact that a reader will be distracted by the readable content of a page when looking at its layout the point of using lorem ipsum is that it has a more or less normal distribution of letters as opposed to using content here content here making it look like readable english many desktop publishing packages and web page editors now use lorem ipsum as their default model text and a search for lorem ipsum will uncover many web sites still in their infancy various versions have evolved over the years sometimes by accident sometimes on purpose injected humour and the like '),
 ('7', 'slug', '0', 'en_gb', ' austin '),
 ('7', 'title', '0', 'en_gb', ' austin tx office '),
 ('8', 'field', '1', 'en_gb', ' what is lorem ipsum lorem ipsum is simply dummy text of the printing and typesetting industry lorem ipsum has been the industry s standard dummy text ever since the 1500s when an unknown printer took a galley of type and scrambled it to make a type specimen book it has survived not only five centuries but also the leap into electronic typesetting remaining essentially unchanged it was popularised in the 1960s with the release of letraset sheets containing lorem ipsum passages and more recently with desktop publishing software like aldus pagemaker including versions of lorem ipsum '),
 ('8', 'slug', '0', 'en_gb', ' team '),
 ('8', 'title', '0', 'en_gb', ' team '),
 ('9', 'field', '1', 'en_gb', ' what is lorem ipsum lorem ipsum is simply dummy text of the printing and typesetting industry lorem ipsum has been the industry s standard dummy text ever since the 1500s when an unknown printer took a galley of type and scrambled it to make a type specimen book it has survived not only five centuries but also the leap into electronic typesetting remaining essentially unchanged it was popularised in the 1960s with the release of letraset sheets containing lorem ipsum passages and more recently with desktop publishing software like aldus pagemaker including versions of lorem ipsum why do we use it it is a long established fact that a reader will be distracted by the readable content of a page when looking at its layout the point of using lorem ipsum is that it has a more or less normal distribution of letters as opposed to using content here content here making it look like readable english many desktop publishing packages and web page editors now use lorem ipsum as their default model text and a search for lorem ipsum will uncover many web sites still in their infancy various versions have evolved over the years sometimes by accident sometimes on purpose injected humour and the like '),
 ('9', 'slug', '0', 'en_gb', ' lynn '),
 ('9', 'title', '0', 'en_gb', ' profile lynn '),
 ('10', 'filename', '0', 'en_gb', ' beer on table jpg '),
 ('10', 'extension', '0', 'en_gb', ' jpg '),
 ('10', 'kind', '0', 'en_gb', ' image '),
 ('10', 'slug', '0', 'en_gb', ' beer on table '),
 ('10', 'title', '0', 'en_gb', ' beer on table '),
 ('13', 'slug', '0', 'en_gb', ' wood table '),
 ('13', 'title', '0', 'en_gb', ' wood table '),
 ('13', 'kind', '0', 'en_gb', ' image '),
 ('5', 'field', '5', 'en_gb', ' beer on table '),
 ('13', 'extension', '0', 'en_gb', ' jpg '),
 ('13', 'filename', '0', 'en_gb', ' wood table jpg '),
 ('2', 'field', '6', 'en_gb', ' if we wrote it down you can brew it at home '),
 ('14', 'filename', '0', 'en_gb', ' dark horse tres blueberry stout 2 jpg '),
 ('14', 'extension', '0', 'en_gb', ' jpg '),
 ('14', 'kind', '0', 'en_gb', ' image '),
 ('14', 'slug', '0', 'en_gb', ' dark horse tres blueberry stout 2 '),
 ('14', 'title', '0', 'en_gb', ' dark horse tres blueberry stout 2 '),
 ('15', 'slug', '0', 'en_gb', ' victory hop brew '),
 ('15', 'title', '0', 'en_gb', ' victory hop brew '),
 ('6', 'field', '5', 'en_gb', ''),
 ('7', 'field', '5', 'en_gb', ''),
 ('8', 'field', '5', 'en_gb', ''),
 ('9', 'field', '5', 'en_gb', ''),
 ('16', 'field', '5', 'en_gb', ' beer on table '),
 ('16', 'field', '3', 'en_gb', ' lorem ipsum is simply dummy text of the printing and typesetting industry lorem ipsum has been the industry s standard dummy text ever since the 1500s when an unknown printer took a galley of type and scrambled it to make a type specimen book it has survived not only five centuries but also the leap into electronic typesetting '),
 ('16', 'field', '4', 'en_gb', ' lorem ipsum is simply dummy text of the printing and typesetting industry lorem ipsum has been the industry s standard dummy text ever since the 1500s when an unknown printer took a galley of type and scrambled it to make a type specimen book it has survived not only five centuries but also the leap into electronic typesetting remaining essentially unchanged it was popularised in the 1960s with the release of letraset sheets containing lorem ipsum passages and more recently with desktop publishing software like aldus pagemaker including versions of lorem ipsum '),
 ('16', 'slug', '0', 'en_gb', ' mystery brew '),
 ('16', 'title', '0', 'en_gb', ' mystery brew '),
 ('17', 'field', '5', 'en_gb', ' dark horse tres blueberry stout 2 '),
 ('17', 'field', '3', 'en_gb', ' lorem ipsum is simply dummy text of the printing and typesetting industry lorem ipsum has been the industry s standard dummy text ever since the 1500s when an unknown printer took a galley of type and scrambled it to make a type specimen book it has survived not only five centuries but also the leap into electronic typesetting '),
 ('17', 'field', '4', 'en_gb', ' lorem ipsum is simply dummy text of the printing and typesetting industry lorem ipsum has been the industry s standard dummy text ever since the 1500s when an unknown printer took a galley of type and scrambled it to make a type specimen book it has survived not only five centuries but also the leap into electronic typesetting remaining essentially unchanged it was popularised in the 1960s with the release of letraset sheets containing lorem ipsum passages and more recently with desktop publishing software like aldus pagemaker including versions of lorem ipsum '),
 ('17', 'slug', '0', 'en_gb', ' mystery hop '),
 ('17', 'title', '0', 'en_gb', ' mystery hop '),
 ('18', 'field', '3', 'en_gb', ' lorem ipsum is simply dummy text of the printing and typesetting industry lorem ipsum has been the industry s standard dummy text ever since the 1500s when an unknown printer took a galley of type and scrambled it to make a type specimen book it has survived not only five centuries but also the leap into electronic typesetting '),
 ('18', 'field', '1', 'en_gb', ' lorem ipsum is simply dummy text of the printing and typesetting industry lorem ipsum has been the industry s standard dummy text ever since the 1500s when an unknown printer took a galley of type and scrambled it to make a type specimen book it has survived not only five centuries but also the leap into electronic typesetting remaining essentially unchanged it was popularised in the 1960s with the release of letraset sheets containing lorem ipsum passages and more recently with desktop publishing software like aldus pagemaker including versions of lorem ipsum '),
 ('18', 'slug', '0', 'en_gb', ' another news item '),
 ('18', 'title', '0', 'en_gb', ' another news item '),
 ('19', 'field', '3', 'en_gb', ' lorem ipsum is simply dummy text of the printing and typesetting industry lorem ipsum has been the industry s standard dummy text ever since the 1500s when an unknown printer took a galley of type and scrambled it to make a type specimen book it has survived not only five centuries but also the leap into electronic typesetting '),
 ('19', 'field', '1', 'en_gb', ' lorem ipsum is simply dummy text of the printing and typesetting industry lorem ipsum has been the industry s standard dummy text ever since the 1500s when an unknown printer took a galley of type and scrambled it to make a type specimen book it has survived not only five centuries but also the leap into electronic typesetting remaining essentially unchanged it was popularised in the 1960s with the release of letraset sheets containing lorem ipsum passages and more recently with desktop publishing software like aldus pagemaker including versions of lorem ipsum lorem ipsum is simply dummy text of the printing and typesetting industry lorem ipsum has been the industry s standard dummy text ever since the 1500s when an unknown printer took a galley of type and scrambled it to make a type specimen book it has survived not only five centuries but also the leap into electronic typesetting remaining essentially unchanged it was popularised in the 1960s with the release of letraset sheets containing lorem ipsum passages and more recently with desktop publishing software like aldus pagemaker including versions of lorem ipsum '),
 ('19', 'slug', '0', 'en_gb', ' yet another news item '),
 ('19', 'title', '0', 'en_gb', ' yet another news item '),
 ('2', 'field', '8', 'en_gb', ' see our brews brews see our brews brews brew our brew recipes brew our brew recipes '),
 ('16', 'field', '10', 'en_gb', ' stout '),
 ('16', 'field', '9', 'en_gb', ' 2018 06 11 '),
 ('17', 'field', '10', 'en_gb', ' hop '),
 ('17', 'field', '9', 'en_gb', ' 2018 08 23 '),
 ('15', 'field', '10', 'en_gb', ' stout '),
 ('15', 'field', '9', 'en_gb', ' 2018 03 05 '),
 ('5', 'field', '6', 'en_gb', ' here s a tagline '),
 ('5', 'field', '3', 'en_gb', ' what is lorem ipsum '),
 ('20', 'field', '3', 'en_gb', ' lorem ipsum dolor sit amet ex eam quas primis ei sit nonumy eripuit sit unum corpora conceptam no ea duo apeirian recteque complectitur cu adhuc doctus repudiare vim '),
 ('20', 'field', '9', 'en_gb', ' 2018 05 07 '),
 ('20', 'field', '11', 'en_gb', ' this is a snapshot this is a snapshot this is another snapshot this is another snapshot this is yet another snapshot this is yet another snapshot '),
 ('20', 'field', '12', 'en_gb', ' 1 cup something 1 cup something 2 gallons water 2 gallons water 3 oz yeast 3 oz yeast 24 clean bottles 24 clean bottles this is a caption dark horse tres blueberry stout 2 lorem ipsum is a pseudo latin text used in web design typography layout and printing in place of english to emphasise design elements over content it s also called placeholder or filler text it s a convenient tool for mock ups it helps to outline the visual elements of a document or presentation eg typography font or layout lorem ipsum is mostly a part of a latin text by the classical author and philosopher cicero its words and letters have been changed by addition or removal so to deliberately render its content nonsensical it s not genuine correct or comprehensible latin anymore while lorem ipsum s still resembles classical latin it actually has no meaning whatsoever as cicero s text doesn t contain the letters k w or z alien to latin these and others are often inserted randomly to mimic the typographic appearence of european languages as are digraphs not to be found in the original lorem ipsum is a pseudo latin text used in web design typography layout and printing in place of english to emphasise design elements over content it s also called placeholder or filler text it s a convenient tool for mock ups it helps to outline the visual elements of a document or presentation eg typography font or layout lorem ipsum is mostly a part of a latin text by the classical author and philosopher cicero its words and letters have been changed by addition or removal so to deliberately render its content nonsensical it s not genuine correct or comprehensible latin anymore while lorem ipsum s still resembles classical latin it actually has no meaning whatsoever as cicero s text doesn t contain the letters k w or z alien to latin these and others are often inserted randomly to mimic the typographic appearence of european languages as are digraphs not to be found in the original lorem ipsum is a pseudo latin text used in web design typography layout and printing in place of english to emphasise design elements over content it s also called placeholder or filler text it s a convenient tool for mock ups it helps to outline the visual elements of a document or presentation eg typography font or layout lorem ipsum is mostly a part of a latin text by the classical author and philosopher cicero its words and letters have been changed by addition or removal so to deliberately render its content nonsensical it s not genuine correct or comprehensible latin anymore while lorem ipsum s still resembles classical latin it actually has no meaning whatsoever as cicero s text doesn t contain the letters k w or z alien to latin these and others are often inserted randomly to mimic the typographic appearence of european languages as are digraphs not to be found in the original in a professional context it often happens that private or corporate clients corder a publication to be made and presented with the actual content still not being ready think of a news blog that s filled with content hourly on the day of going live in a professional context it often happens that private or corporate clients corder a publication to be made and presented with the actual content still not being ready think of a news blog that s filled with content hourly on the day of going live wash your workspace wash your workspace clean your bottles clean your bottles buy all ingredients buy all ingredients preparation step1 step1 step2 step2 step3 step3 brewing the finished beer beer on table in a professional context it often happens that private or corporate clients corder a publication to be made and presented with the actual content still not being ready think of a news blog that s filled with content hourly on the day of going live however reviewers tend to be distracted by comprehensible content say a random text copied from a newspaper or the internet the are likely to focus on the text disregarding the layout and its elements besides random text risks to be unintendedly humorous or offensive an unacceptable risk in corporate environments lorem ipsum and its many variants have been employed since the early 1960ies and quite likely since the sixteenth century in a professional context it often happens that private or corporate clients corder a publication to be made and presented with the actual content still not being ready think of a news blog that s filled with content hourly on the day of going live however reviewers tend to be distracted by comprehensible content say a random text copied from a newspaper or the internet the are likely to focus on the text disregarding the layout and its elements besides random text risks to be unintendedly humorous or offensive an unacceptable risk in corporate environments lorem ipsum and its many variants have been employed since the early 1960ies and quite likely since the sixteenth century in a professional context it often happens that private or corporate clients corder a publication to be made and presented with the actual content still not being ready think of a news blog that s filled with content hourly on the day of going live however reviewers tend to be distracted by comprehensible content say a random text copied from a newspaper or the internet the are likely to focus on the text disregarding the layout and its elements '),
 ('20', 'slug', '0', 'en_gb', ' wild island brew '),
 ('20', 'title', '0', 'en_gb', ' wild island brew '),
 ('21', 'field', '18', 'en_gb', ' 1 cup something 1 cup something 2 gallons water 2 gallons water 3 oz yeast 3 oz yeast 24 clean bottles 24 clean bottles '),
 ('21', 'slug', '0', 'en_gb', ''),
 ('22', 'field', '13', 'en_gb', ' dark horse tres blueberry stout 2 '),
 ('22', 'field', '14', 'en_gb', ' this is a caption '),
 ('22', 'slug', '0', 'en_gb', ''),
 ('23', 'field', '15', 'en_gb', ' lorem ipsum is a pseudo latin text used in web design typography layout and printing in place of english to emphasise design elements over content it s also called placeholder or filler text it s a convenient tool for mock ups it helps to outline the visual elements of a document or presentation eg typography font or layout lorem ipsum is mostly a part of a latin text by the classical author and philosopher cicero its words and letters have been changed by addition or removal so to deliberately render its content nonsensical it s not genuine correct or comprehensible latin anymore while lorem ipsum s still resembles classical latin it actually has no meaning whatsoever as cicero s text doesn t contain the letters k w or z alien to latin these and others are often inserted randomly to mimic the typographic appearence of european languages as are digraphs not to be found in the original '),
 ('23', 'slug', '0', 'en_gb', ''),
 ('24', 'field', '19', 'en_gb', ' lorem ipsum is a pseudo latin text used in web design typography layout and printing in place of english to emphasise design elements over content it s also called placeholder or filler text it s a convenient tool for mock ups it helps to outline the visual elements of a document or presentation eg typography font or layout lorem ipsum is mostly a part of a latin text by the classical author and philosopher cicero its words and letters have been changed by addition or removal so to deliberately render its content nonsensical it s not genuine correct or comprehensible latin anymore while lorem ipsum s still resembles classical latin it actually has no meaning whatsoever as cicero s text doesn t contain the letters k w or z alien to latin these and others are often inserted randomly to mimic the typographic appearence of european languages as are digraphs not to be found in the original lorem ipsum is a pseudo latin text used in web design typography layout and printing in place of english to emphasise design elements over content it s also called placeholder or filler text it s a convenient tool for mock ups it helps to outline the visual elements of a document or presentation eg typography font or layout lorem ipsum is mostly a part of a latin text by the classical author and philosopher cicero its words and letters have been changed by addition or removal so to deliberately render its content nonsensical it s not genuine correct or comprehensible latin anymore while lorem ipsum s still resembles classical latin it actually has no meaning whatsoever as cicero s text doesn t contain the letters k w or z alien to latin these and others are often inserted randomly to mimic the typographic appearence of european languages as are digraphs not to be found in the original '),
 ('24', 'slug', '0', 'en_gb', ''),
 ('25', 'field', '16', 'en_gb', ' preparation '),
 ('25', 'field', '17', 'en_gb', ' in a professional context it often happens that private or corporate clients corder a publication to be made and presented with the actual content still not being ready think of a news blog that s filled with content hourly on the day of going live in a professional context it often happens that private or corporate clients corder a publication to be made and presented with the actual content still not being ready think of a news blog that s filled with content hourly on the day of going live wash your workspace wash your workspace clean your bottles clean your bottles buy all ingredients buy all ingredients '),
 ('25', 'slug', '0', 'en_gb', '');
INSERT INTO `craft_searchindex` (`elementId`, `attribute`, `fieldId`, `locale`, `keywords`) VALUES
 ('26', 'field', '16', 'en_gb', ' brewing '),
 ('26', 'field', '17', 'en_gb', ' step1 step1 step2 step2 step3 step3 '),
 ('26', 'slug', '0', 'en_gb', ''),
 ('27', 'field', '16', 'en_gb', ''),
 ('27', 'field', '17', 'en_gb', ''),
 ('27', 'slug', '0', 'en_gb', ''),
 ('28', 'field', '13', 'en_gb', ' beer on table '),
 ('28', 'field', '14', 'en_gb', ' the finished beer '),
 ('28', 'slug', '0', 'en_gb', ''),
 ('29', 'field', '19', 'en_gb', ' in a professional context it often happens that private or corporate clients corder a publication to be made and presented with the actual content still not being ready think of a news blog that s filled with content hourly on the day of going live however reviewers tend to be distracted by comprehensible content say a random text copied from a newspaper or the internet the are likely to focus on the text disregarding the layout and its elements besides random text risks to be unintendedly humorous or offensive an unacceptable risk in corporate environments lorem ipsum and its many variants have been employed since the early 1960ies and quite likely since the sixteenth century in a professional context it often happens that private or corporate clients corder a publication to be made and presented with the actual content still not being ready think of a news blog that s filled with content hourly on the day of going live however reviewers tend to be distracted by comprehensible content say a random text copied from a newspaper or the internet the are likely to focus on the text disregarding the layout and its elements besides random text risks to be unintendedly humorous or offensive an unacceptable risk in corporate environments lorem ipsum and its many variants have been employed since the early 1960ies and quite likely since the sixteenth century '),
 ('29', 'slug', '0', 'en_gb', ''),
 ('30', 'field', '15', 'en_gb', ' in a professional context it often happens that private or corporate clients corder a publication to be made and presented with the actual content still not being ready think of a news blog that s filled with content hourly on the day of going live however reviewers tend to be distracted by comprehensible content say a random text copied from a newspaper or the internet the are likely to focus on the text disregarding the layout and its elements '),
 ('30', 'slug', '0', 'en_gb', '');



DROP TABLE IF EXISTS `craft_sections`;


--
-- Schema for table `craft_sections`
--
CREATE TABLE `craft_sections` (
  `id` int(11) NOT NULL AUTO_INCREMENT,
  `structureId` int(11) DEFAULT NULL,
  `name` varchar(255) COLLATE utf8_unicode_ci NOT NULL,
  `handle` varchar(255) COLLATE utf8_unicode_ci NOT NULL,
  `type` enum('single','channel','structure') COLLATE utf8_unicode_ci NOT NULL DEFAULT 'channel',
  `hasUrls` tinyint(1) unsigned NOT NULL DEFAULT '1',
  `template` varchar(500) COLLATE utf8_unicode_ci DEFAULT NULL,
  `enableVersioning` tinyint(1) unsigned NOT NULL DEFAULT '0',
  `dateCreated` datetime NOT NULL,
  `dateUpdated` datetime NOT NULL,
  `uid` char(36) COLLATE utf8_unicode_ci NOT NULL DEFAULT '0',
  PRIMARY KEY (`id`),
  UNIQUE KEY `craft_sections_name_unq_idx` (`name`),
  UNIQUE KEY `craft_sections_handle_unq_idx` (`handle`),
  KEY `craft_sections_structureId_fk` (`structureId`)
) ENGINE=InnoDB AUTO_INCREMENT=6 DEFAULT CHARSET=utf8 COLLATE=utf8_unicode_ci;

--
-- Data for table `craft_sections`
--

INSERT INTO `craft_sections` (`id`, `structureId`, `name`, `handle`, `type`, `hasUrls`, `template`, `enableVersioning`, `dateCreated`, `dateUpdated`, `uid`) VALUES
 ('1', NULL, 'Homepage', 'homepage', 'single', '1', 'index', '1', '2018-07-24 14:16:16', '2018-07-24 14:16:16', 'bb8c2d13-9306-4770-952c-df1db8818dd3'),
 ('2', NULL, 'News', 'news', 'channel', '1', 'news/_entry', '1', '2018-07-24 14:16:16', '2018-07-24 14:16:16', '5f282911-a8d7-410c-a89f-a398dfc9b27c'),
 ('3', NULL, 'Brews', 'brews', 'channel', '1', 'brews/_entry', '1', '2018-07-25 12:04:33', '2018-07-25 12:04:33', '70b4550a-ab04-444d-a24c-b5c91c4d2dc5'),
 ('4', '1', 'About Brewery', 'aboutBrewery', 'structure', '1', 'about/_entry', '1', '2018-07-26 07:23:17', '2018-07-31 11:24:23', 'e2c14183-6f14-4150-948a-99d9011805c3'),
 ('5', NULL, 'Recipes', 'recipes', 'channel', '1', 'recipes/_entry', '1', '2018-08-01 08:32:22', '2018-08-01 08:32:22', 'ca3f2995-ca2b-4a8c-8cae-2b2cbb65f367');



DROP TABLE IF EXISTS `craft_sections_i18n`;


--
-- Schema for table `craft_sections_i18n`
--
CREATE TABLE `craft_sections_i18n` (
  `id` int(11) NOT NULL AUTO_INCREMENT,
  `sectionId` int(11) NOT NULL,
  `locale` char(12) COLLATE utf8_unicode_ci NOT NULL,
  `enabledByDefault` tinyint(1) unsigned NOT NULL DEFAULT '1',
  `urlFormat` text COLLATE utf8_unicode_ci,
  `nestedUrlFormat` text COLLATE utf8_unicode_ci,
  `dateCreated` datetime NOT NULL,
  `dateUpdated` datetime NOT NULL,
  `uid` char(36) COLLATE utf8_unicode_ci NOT NULL DEFAULT '0',
  PRIMARY KEY (`id`),
  UNIQUE KEY `craft_sections_i18n_sectionId_locale_unq_idx` (`sectionId`,`locale`),
  KEY `craft_sections_i18n_locale_fk` (`locale`)
) ENGINE=InnoDB AUTO_INCREMENT=6 DEFAULT CHARSET=utf8 COLLATE=utf8_unicode_ci;

--
-- Data for table `craft_sections_i18n`
--

INSERT INTO `craft_sections_i18n` (`id`, `sectionId`, `locale`, `enabledByDefault`, `urlFormat`, `nestedUrlFormat`, `dateCreated`, `dateUpdated`, `uid`) VALUES
 ('1', '1', 'en_gb', '1', '__home__', NULL, '2018-07-24 14:16:16', '2018-07-24 14:16:16', '2e9edbae-27b3-4a20-a053-14e8559662e5'),
 ('2', '2', 'en_gb', '1', 'news/{postDate.year}/{slug}', NULL, '2018-07-24 14:16:16', '2018-07-24 14:16:16', '7d6564d0-6b9e-4fd6-90b4-9583fa5ca576'),
 ('3', '3', 'en_gb', '1', 'brews/{slug}', NULL, '2018-07-25 12:04:33', '2018-07-25 12:04:33', '8742355d-12d5-405e-a643-bb6921d78c83'),
 ('4', '4', 'en_gb', '1', '{slug}', '{parent.uri}/{slug}', '2018-07-26 07:23:17', '2018-07-26 07:23:17', '19085d8c-7e53-4d51-b669-5c2791c85437'),
 ('5', '5', 'en_gb', '1', 'recipes/{slug}', NULL, '2018-08-01 08:32:22', '2018-08-01 08:32:22', '0f430830-8998-41ec-9d70-816ada1df347');



DROP TABLE IF EXISTS `craft_sessions`;


--
-- Schema for table `craft_sessions`
--
CREATE TABLE `craft_sessions` (
  `id` int(11) NOT NULL AUTO_INCREMENT,
  `userId` int(11) NOT NULL,
  `token` char(100) COLLATE utf8_unicode_ci NOT NULL,
  `dateCreated` datetime NOT NULL,
  `dateUpdated` datetime NOT NULL,
  `uid` char(36) COLLATE utf8_unicode_ci NOT NULL DEFAULT '0',
  PRIMARY KEY (`id`),
  KEY `craft_sessions_uid_idx` (`uid`),
  KEY `craft_sessions_token_idx` (`token`),
  KEY `craft_sessions_dateUpdated_idx` (`dateUpdated`),
  KEY `craft_sessions_userId_fk` (`userId`)
) ENGINE=InnoDB AUTO_INCREMENT=5 DEFAULT CHARSET=utf8 COLLATE=utf8_unicode_ci;

DROP TABLE IF EXISTS `craft_shunnedmessages`;


--
-- Schema for table `craft_shunnedmessages`
--
CREATE TABLE `craft_shunnedmessages` (
  `id` int(11) NOT NULL AUTO_INCREMENT,
  `userId` int(11) NOT NULL,
  `message` varchar(255) COLLATE utf8_unicode_ci NOT NULL,
  `expiryDate` datetime DEFAULT NULL,
  `dateCreated` datetime NOT NULL,
  `dateUpdated` datetime NOT NULL,
  `uid` char(36) COLLATE utf8_unicode_ci NOT NULL DEFAULT '0',
  PRIMARY KEY (`id`),
  UNIQUE KEY `craft_shunnedmessages_userId_message_unq_idx` (`userId`,`message`)
) ENGINE=InnoDB DEFAULT CHARSET=utf8 COLLATE=utf8_unicode_ci;

DROP TABLE IF EXISTS `craft_structureelements`;


--
-- Schema for table `craft_structureelements`
--
CREATE TABLE `craft_structureelements` (
  `id` int(11) NOT NULL AUTO_INCREMENT,
  `structureId` int(11) NOT NULL,
  `elementId` int(11) DEFAULT NULL,
  `root` int(11) unsigned DEFAULT NULL,
  `lft` int(11) unsigned NOT NULL,
  `rgt` int(11) unsigned NOT NULL,
  `level` smallint(6) unsigned NOT NULL,
  `dateCreated` datetime NOT NULL,
  `dateUpdated` datetime NOT NULL,
  `uid` char(36) COLLATE utf8_unicode_ci NOT NULL DEFAULT '0',
  PRIMARY KEY (`id`),
  UNIQUE KEY `craft_structureelements_structureId_elementId_unq_idx` (`structureId`,`elementId`),
  KEY `craft_structureelements_root_idx` (`root`),
  KEY `craft_structureelements_lft_idx` (`lft`),
  KEY `craft_structureelements_rgt_idx` (`rgt`),
  KEY `craft_structureelements_level_idx` (`level`),
  KEY `craft_structureelements_elementId_fk` (`elementId`)
) ENGINE=InnoDB AUTO_INCREMENT=7 DEFAULT CHARSET=utf8 COLLATE=utf8_unicode_ci;

--
-- Data for table `craft_structureelements`
--

INSERT INTO `craft_structureelements` (`id`, `structureId`, `elementId`, `root`, `lft`, `rgt`, `level`, `dateCreated`, `dateUpdated`, `uid`) VALUES
 ('1', '1', NULL, '1', '1', '12', '0', '2018-07-26 07:27:28', '2018-07-26 07:27:28', '8f2296b7-ca33-4ad4-b3fe-a0f0037ea391'),
 ('2', '1', '5', '1', '2', '11', '1', '2018-07-26 07:27:28', '2018-07-26 07:27:28', 'a6324d22-4cf2-499e-a377-c59f870d522a'),
 ('3', '1', '6', '1', '3', '6', '2', '2018-07-26 07:28:12', '2018-07-26 07:28:12', '935a10ab-7d08-4c5e-87ff-05d250ae01c2'),
 ('4', '1', '7', '1', '4', '5', '3', '2018-07-26 07:29:16', '2018-07-26 07:29:16', '1c4f9733-7998-4a76-94ea-cd0f0b92c78a'),
 ('5', '1', '8', '1', '7', '10', '2', '2018-07-26 07:30:49', '2018-07-26 07:30:49', 'a15e7592-8a66-4a6e-8693-dd2364d8f3e6'),
 ('6', '1', '9', '1', '8', '9', '3', '2018-07-26 07:31:07', '2018-07-26 07:31:07', '36da378d-7de0-4116-ab0a-03291d325573');



DROP TABLE IF EXISTS `craft_structures`;


--
-- Schema for table `craft_structures`
--
CREATE TABLE `craft_structures` (
  `id` int(11) NOT NULL AUTO_INCREMENT,
  `maxLevels` smallint(6) unsigned DEFAULT NULL,
  `dateCreated` datetime NOT NULL,
  `dateUpdated` datetime NOT NULL,
  `uid` char(36) COLLATE utf8_unicode_ci NOT NULL DEFAULT '0',
  PRIMARY KEY (`id`)
) ENGINE=InnoDB AUTO_INCREMENT=2 DEFAULT CHARSET=utf8 COLLATE=utf8_unicode_ci;

--
-- Data for table `craft_structures`
--

INSERT INTO `craft_structures` (`id`, `maxLevels`, `dateCreated`, `dateUpdated`, `uid`) VALUES
 ('1', NULL, '2018-07-26 07:23:17', '2018-07-31 11:24:23', 'fb64a0c9-158e-4b34-83c3-3a62909c2733');



DROP TABLE IF EXISTS `craft_systemsettings`;


--
-- Schema for table `craft_systemsettings`
--
CREATE TABLE `craft_systemsettings` (
  `id` int(11) NOT NULL AUTO_INCREMENT,
  `category` varchar(15) COLLATE utf8_unicode_ci NOT NULL,
  `settings` text COLLATE utf8_unicode_ci,
  `dateCreated` datetime NOT NULL,
  `dateUpdated` datetime NOT NULL,
  `uid` char(36) COLLATE utf8_unicode_ci NOT NULL DEFAULT '0',
  PRIMARY KEY (`id`),
  UNIQUE KEY `craft_systemsettings_category_unq_idx` (`category`)
) ENGINE=InnoDB AUTO_INCREMENT=2 DEFAULT CHARSET=utf8 COLLATE=utf8_unicode_ci;

--
-- Data for table `craft_systemsettings`
--

INSERT INTO `craft_systemsettings` (`id`, `category`, `settings`, `dateCreated`, `dateUpdated`, `uid`) VALUES
 ('1', 'email', '{\"protocol\":\"php\",\"emailAddress\":\"lynn.statik@gmail.com\",\"senderName\":\"Brewery Local Statik\"}', '2018-07-24 14:16:16', '2018-07-24 14:16:16', '8b791de6-c43c-46b3-922d-0a7f571d8ded');



DROP TABLE IF EXISTS `craft_taggroups`;


--
-- Schema for table `craft_taggroups`
--
CREATE TABLE `craft_taggroups` (
  `id` int(11) NOT NULL AUTO_INCREMENT,
  `name` varchar(255) COLLATE utf8_unicode_ci NOT NULL,
  `handle` varchar(255) COLLATE utf8_unicode_ci NOT NULL,
  `fieldLayoutId` int(10) DEFAULT NULL,
  `dateCreated` datetime NOT NULL,
  `dateUpdated` datetime NOT NULL,
  `uid` char(36) COLLATE utf8_unicode_ci NOT NULL DEFAULT '0',
  PRIMARY KEY (`id`),
  UNIQUE KEY `craft_taggroups_name_unq_idx` (`name`),
  UNIQUE KEY `craft_taggroups_handle_unq_idx` (`handle`),
  KEY `craft_taggroups_fieldLayoutId_fk` (`fieldLayoutId`)
) ENGINE=InnoDB AUTO_INCREMENT=2 DEFAULT CHARSET=utf8 COLLATE=utf8_unicode_ci;

--
-- Data for table `craft_taggroups`
--

INSERT INTO `craft_taggroups` (`id`, `name`, `handle`, `fieldLayoutId`, `dateCreated`, `dateUpdated`, `uid`) VALUES
 ('1', 'Default', 'default', '1', '2018-07-24 14:16:16', '2018-07-24 14:16:16', '3de4d8ed-3354-4528-b645-d46305d4e7d3');



DROP TABLE IF EXISTS `craft_tags`;


--
-- Schema for table `craft_tags`
--
CREATE TABLE `craft_tags` (
  `id` int(11) NOT NULL,
  `groupId` int(11) NOT NULL,
  `dateCreated` datetime NOT NULL,
  `dateUpdated` datetime NOT NULL,
  `uid` char(36) COLLATE utf8_unicode_ci NOT NULL DEFAULT '0',
  PRIMARY KEY (`id`),
  KEY `craft_tags_groupId_fk` (`groupId`)
) ENGINE=InnoDB DEFAULT CHARSET=utf8 COLLATE=utf8_unicode_ci;

DROP TABLE IF EXISTS `craft_tasks`;


--
-- Schema for table `craft_tasks`
--
CREATE TABLE `craft_tasks` (
  `id` int(11) NOT NULL AUTO_INCREMENT,
  `root` int(11) unsigned DEFAULT NULL,
  `lft` int(11) unsigned NOT NULL,
  `rgt` int(11) unsigned NOT NULL,
  `level` smallint(6) unsigned NOT NULL,
  `currentStep` int(11) unsigned DEFAULT NULL,
  `totalSteps` int(11) unsigned DEFAULT NULL,
  `status` enum('pending','error','running') COLLATE utf8_unicode_ci DEFAULT NULL,
  `type` varchar(150) COLLATE utf8_unicode_ci NOT NULL,
  `description` varchar(255) COLLATE utf8_unicode_ci DEFAULT NULL,
  `settings` mediumtext COLLATE utf8_unicode_ci,
  `dateCreated` datetime NOT NULL,
  `dateUpdated` datetime NOT NULL,
  `uid` char(36) COLLATE utf8_unicode_ci NOT NULL DEFAULT '0',
  PRIMARY KEY (`id`),
  KEY `craft_tasks_root_idx` (`root`),
  KEY `craft_tasks_lft_idx` (`lft`),
  KEY `craft_tasks_rgt_idx` (`rgt`),
  KEY `craft_tasks_level_idx` (`level`)
) ENGINE=InnoDB AUTO_INCREMENT=12 DEFAULT CHARSET=utf8 COLLATE=utf8_unicode_ci;

DROP TABLE IF EXISTS `craft_templatecachecriteria`;


--
-- Schema for table `craft_templatecachecriteria`
--
CREATE TABLE `craft_templatecachecriteria` (
  `id` int(11) NOT NULL AUTO_INCREMENT,
  `cacheId` int(11) NOT NULL,
  `type` varchar(150) COLLATE utf8_unicode_ci NOT NULL,
  `criteria` text COLLATE utf8_unicode_ci NOT NULL,
  PRIMARY KEY (`id`),
  KEY `craft_templatecachecriteria_cacheId_fk` (`cacheId`),
  KEY `craft_templatecachecriteria_type_idx` (`type`)
) ENGINE=InnoDB DEFAULT CHARSET=utf8 COLLATE=utf8_unicode_ci;

DROP TABLE IF EXISTS `craft_templatecacheelements`;


--
-- Schema for table `craft_templatecacheelements`
--
CREATE TABLE `craft_templatecacheelements` (
  `cacheId` int(11) NOT NULL,
  `elementId` int(11) NOT NULL,
  KEY `craft_templatecacheelements_cacheId_fk` (`cacheId`),
  KEY `craft_templatecacheelements_elementId_fk` (`elementId`)
) ENGINE=InnoDB DEFAULT CHARSET=utf8 COLLATE=utf8_unicode_ci;

DROP TABLE IF EXISTS `craft_templatecaches`;


--
-- Schema for table `craft_templatecaches`
--
CREATE TABLE `craft_templatecaches` (
  `id` int(11) NOT NULL AUTO_INCREMENT,
  `cacheKey` varchar(255) COLLATE utf8_unicode_ci NOT NULL,
  `locale` char(12) COLLATE utf8_unicode_ci NOT NULL,
  `path` varchar(255) COLLATE utf8_unicode_ci DEFAULT NULL,
  `expiryDate` datetime NOT NULL,
  `body` mediumtext COLLATE utf8_unicode_ci NOT NULL,
  PRIMARY KEY (`id`),
  KEY `craft_templatecaches_cacheKey_locale_expiryDate_path_idx` (`cacheKey`,`locale`,`expiryDate`,`path`),
  KEY `craft_templatecaches_cacheKey_locale_expiryDate_idx` (`cacheKey`,`locale`,`expiryDate`),
  KEY `craft_templatecaches_locale_fk` (`locale`)
) ENGINE=InnoDB DEFAULT CHARSET=utf8 COLLATE=utf8_unicode_ci;

DROP TABLE IF EXISTS `craft_tokens`;


--
-- Schema for table `craft_tokens`
--
CREATE TABLE `craft_tokens` (
  `id` int(11) NOT NULL AUTO_INCREMENT,
  `token` char(32) COLLATE utf8_unicode_ci NOT NULL,
  `route` text COLLATE utf8_unicode_ci,
  `usageLimit` tinyint(3) unsigned DEFAULT NULL,
  `usageCount` tinyint(3) unsigned DEFAULT NULL,
  `expiryDate` datetime NOT NULL,
  `dateCreated` datetime NOT NULL,
  `dateUpdated` datetime NOT NULL,
  `uid` char(36) COLLATE utf8_unicode_ci NOT NULL DEFAULT '0',
  PRIMARY KEY (`id`),
  UNIQUE KEY `craft_tokens_token_unq_idx` (`token`),
  KEY `craft_tokens_expiryDate_idx` (`expiryDate`)
) ENGINE=InnoDB DEFAULT CHARSET=utf8 COLLATE=utf8_unicode_ci;

DROP TABLE IF EXISTS `craft_usergroups`;


--
-- Schema for table `craft_usergroups`
--
CREATE TABLE `craft_usergroups` (
  `id` int(11) NOT NULL AUTO_INCREMENT,
  `name` varchar(255) COLLATE utf8_unicode_ci NOT NULL,
  `handle` varchar(255) COLLATE utf8_unicode_ci NOT NULL,
  `dateCreated` datetime NOT NULL,
  `dateUpdated` datetime NOT NULL,
  `uid` char(36) COLLATE utf8_unicode_ci NOT NULL DEFAULT '0',
  PRIMARY KEY (`id`),
  UNIQUE KEY `craft_usergroups_name_unq_idx` (`name`),
  UNIQUE KEY `craft_usergroups_handle_unq_idx` (`handle`)
) ENGINE=InnoDB DEFAULT CHARSET=utf8 COLLATE=utf8_unicode_ci;

DROP TABLE IF EXISTS `craft_usergroups_users`;


--
-- Schema for table `craft_usergroups_users`
--
CREATE TABLE `craft_usergroups_users` (
  `id` int(11) NOT NULL AUTO_INCREMENT,
  `groupId` int(11) NOT NULL,
  `userId` int(11) NOT NULL,
  `dateCreated` datetime NOT NULL,
  `dateUpdated` datetime NOT NULL,
  `uid` char(36) COLLATE utf8_unicode_ci NOT NULL DEFAULT '0',
  PRIMARY KEY (`id`),
  UNIQUE KEY `craft_usergroups_users_groupId_userId_unq_idx` (`groupId`,`userId`),
  KEY `craft_usergroups_users_userId_fk` (`userId`)
) ENGINE=InnoDB DEFAULT CHARSET=utf8 COLLATE=utf8_unicode_ci;

DROP TABLE IF EXISTS `craft_userpermissions`;


--
-- Schema for table `craft_userpermissions`
--
CREATE TABLE `craft_userpermissions` (
  `id` int(11) NOT NULL AUTO_INCREMENT,
  `name` varchar(255) COLLATE utf8_unicode_ci NOT NULL,
  `dateCreated` datetime NOT NULL,
  `dateUpdated` datetime NOT NULL,
  `uid` char(36) COLLATE utf8_unicode_ci NOT NULL DEFAULT '0',
  PRIMARY KEY (`id`),
  UNIQUE KEY `craft_userpermissions_name_unq_idx` (`name`)
) ENGINE=InnoDB DEFAULT CHARSET=utf8 COLLATE=utf8_unicode_ci;

DROP TABLE IF EXISTS `craft_userpermissions_usergroups`;


--
-- Schema for table `craft_userpermissions_usergroups`
--
CREATE TABLE `craft_userpermissions_usergroups` (
  `id` int(11) NOT NULL AUTO_INCREMENT,
  `permissionId` int(11) NOT NULL,
  `groupId` int(11) NOT NULL,
  `dateCreated` datetime NOT NULL,
  `dateUpdated` datetime NOT NULL,
  `uid` char(36) COLLATE utf8_unicode_ci NOT NULL DEFAULT '0',
  PRIMARY KEY (`id`),
  UNIQUE KEY `craft_userpermissions_usergroups_permissionId_groupId_unq_idx` (`permissionId`,`groupId`),
  KEY `craft_userpermissions_usergroups_groupId_fk` (`groupId`)
) ENGINE=InnoDB DEFAULT CHARSET=utf8 COLLATE=utf8_unicode_ci;

DROP TABLE IF EXISTS `craft_userpermissions_users`;


--
-- Schema for table `craft_userpermissions_users`
--
CREATE TABLE `craft_userpermissions_users` (
  `id` int(11) NOT NULL AUTO_INCREMENT,
  `permissionId` int(11) NOT NULL,
  `userId` int(11) NOT NULL,
  `dateCreated` datetime NOT NULL,
  `dateUpdated` datetime NOT NULL,
  `uid` char(36) COLLATE utf8_unicode_ci NOT NULL DEFAULT '0',
  PRIMARY KEY (`id`),
  UNIQUE KEY `craft_userpermissions_users_permissionId_userId_unq_idx` (`permissionId`,`userId`),
  KEY `craft_userpermissions_users_userId_fk` (`userId`)
) ENGINE=InnoDB DEFAULT CHARSET=utf8 COLLATE=utf8_unicode_ci;

DROP TABLE IF EXISTS `craft_users`;


--
-- Schema for table `craft_users`
--
CREATE TABLE `craft_users` (
  `id` int(11) NOT NULL,
  `username` varchar(100) COLLATE utf8_unicode_ci NOT NULL,
  `photo` varchar(100) COLLATE utf8_unicode_ci DEFAULT NULL,
  `firstName` varchar(100) COLLATE utf8_unicode_ci DEFAULT NULL,
  `lastName` varchar(100) COLLATE utf8_unicode_ci DEFAULT NULL,
  `email` varchar(255) COLLATE utf8_unicode_ci NOT NULL,
  `password` char(255) COLLATE utf8_unicode_ci DEFAULT NULL,
  `preferredLocale` char(12) COLLATE utf8_unicode_ci DEFAULT NULL,
  `weekStartDay` tinyint(1) unsigned NOT NULL DEFAULT '0',
  `admin` tinyint(1) unsigned NOT NULL DEFAULT '0',
  `client` tinyint(1) unsigned NOT NULL DEFAULT '0',
  `locked` tinyint(1) unsigned NOT NULL DEFAULT '0',
  `suspended` tinyint(1) unsigned NOT NULL DEFAULT '0',
  `pending` tinyint(1) unsigned NOT NULL DEFAULT '0',
  `archived` tinyint(1) unsigned NOT NULL DEFAULT '0',
  `lastLoginDate` datetime DEFAULT NULL,
  `lastLoginAttemptIPAddress` varchar(45) COLLATE utf8_unicode_ci DEFAULT NULL,
  `invalidLoginWindowStart` datetime DEFAULT NULL,
  `invalidLoginCount` tinyint(4) unsigned DEFAULT NULL,
  `lastInvalidLoginDate` datetime DEFAULT NULL,
  `lockoutDate` datetime DEFAULT NULL,
  `verificationCode` char(100) COLLATE utf8_unicode_ci DEFAULT NULL,
  `verificationCodeIssuedDate` datetime DEFAULT NULL,
  `unverifiedEmail` varchar(255) COLLATE utf8_unicode_ci DEFAULT NULL,
  `passwordResetRequired` tinyint(1) unsigned NOT NULL DEFAULT '0',
  `lastPasswordChangeDate` datetime DEFAULT NULL,
  `dateCreated` datetime NOT NULL,
  `dateUpdated` datetime NOT NULL,
  `uid` char(36) COLLATE utf8_unicode_ci NOT NULL DEFAULT '0',
  PRIMARY KEY (`id`),
  UNIQUE KEY `craft_users_username_unq_idx` (`username`),
  UNIQUE KEY `craft_users_email_unq_idx` (`email`),
  KEY `craft_users_verificationCode_idx` (`verificationCode`),
  KEY `craft_users_uid_idx` (`uid`),
  KEY `craft_users_preferredLocale_fk` (`preferredLocale`)
) ENGINE=InnoDB DEFAULT CHARSET=utf8 COLLATE=utf8_unicode_ci;

--
-- Data for table `craft_users`
--

INSERT INTO `craft_users` (`id`, `username`, `photo`, `firstName`, `lastName`, `email`, `password`, `preferredLocale`, `weekStartDay`, `admin`, `client`, `locked`, `suspended`, `pending`, `archived`, `lastLoginDate`, `lastLoginAttemptIPAddress`, `invalidLoginWindowStart`, `invalidLoginCount`, `lastInvalidLoginDate`, `lockoutDate`, `verificationCode`, `verificationCodeIssuedDate`, `unverifiedEmail`, `passwordResetRequired`, `lastPasswordChangeDate`, `dateCreated`, `dateUpdated`, `uid`) VALUES
 ('1', 'lynn@statik', NULL, NULL, NULL, 'lynn.statik@gmail.com', '$2y$13$c7fQqk/BMyqsjHTM6Hl/bOS1NldJyZfhjcdCaKDW9ANfGxw50MY9O', NULL, '0', '1', '0', '0', '0', '0', '0', '2018-08-01 06:07:23', '::1', NULL, NULL, NULL, NULL, NULL, NULL, NULL, '0', '2018-07-24 14:16:13', '2018-07-24 14:16:13', '2018-08-01 06:07:23', '1bd1fcb1-b896-4ad5-96f8-33e670dfe9f9');



DROP TABLE IF EXISTS `craft_widgets`;


--
-- Schema for table `craft_widgets`
--
CREATE TABLE `craft_widgets` (
  `id` int(11) NOT NULL AUTO_INCREMENT,
  `userId` int(11) NOT NULL,
  `type` varchar(150) COLLATE utf8_unicode_ci NOT NULL,
  `sortOrder` smallint(6) unsigned DEFAULT NULL,
  `colspan` tinyint(4) unsigned DEFAULT NULL,
  `settings` text COLLATE utf8_unicode_ci,
  `enabled` tinyint(1) unsigned NOT NULL DEFAULT '1',
  `dateCreated` datetime NOT NULL,
  `dateUpdated` datetime NOT NULL,
  `uid` char(36) COLLATE utf8_unicode_ci NOT NULL DEFAULT '0',
  PRIMARY KEY (`id`),
  KEY `craft_widgets_userId_fk` (`userId`)
) ENGINE=InnoDB AUTO_INCREMENT=5 DEFAULT CHARSET=utf8 COLLATE=utf8_unicode_ci;

--
-- Data for table `craft_widgets`
--

INSERT INTO `craft_widgets` (`id`, `userId`, `type`, `sortOrder`, `colspan`, `settings`, `enabled`, `dateCreated`, `dateUpdated`, `uid`) VALUES
 ('1', '1', 'RecentEntries', '1', '1', NULL, '1', '2018-07-24 14:16:21', '2018-07-31 07:20:47', '9e742efd-6470-4a99-aef3-99dad49071fb'),
 ('2', '1', 'GetHelp', '3', NULL, NULL, '1', '2018-07-24 14:16:21', '2018-07-31 07:20:47', '1d5db3d9-1ffb-4453-b008-7babfe39c5cc'),
 ('3', '1', 'Updates', '2', '3', NULL, '1', '2018-07-24 14:16:21', '2018-07-31 07:20:47', 'fe1ed29c-e63f-4091-a537-74dad67544b4'),
 ('4', '1', 'Feed', '4', '3', '{\"url\":\"https:\\/\\/craftcms.com\\/news.rss\",\"title\":\"Craft News\"}', '1', '2018-07-24 14:16:21', '2018-07-31 07:20:47', '5f5b7a4f-e959-436e-90ad-996a9b40716c');


--
-- Constraints for tables
--


--
-- Constraints for table `craft_assetfiles`
--
ALTER TABLE `craft_assetfiles`
	ADD CONSTRAINT `craft_assetfiles_folderId_fk` FOREIGN KEY (`folderId`) REFERENCES `craft_assetfolders` (`id`) ON DELETE CASCADE,
	ADD CONSTRAINT `craft_assetfiles_id_fk` FOREIGN KEY (`id`) REFERENCES `craft_elements` (`id`) ON DELETE CASCADE,
	ADD CONSTRAINT `craft_assetfiles_sourceId_fk` FOREIGN KEY (`sourceId`) REFERENCES `craft_assetsources` (`id`) ON DELETE CASCADE;

--
-- Constraints for table `craft_assetfolders`
--
ALTER TABLE `craft_assetfolders`
	ADD CONSTRAINT `craft_assetfolders_parentId_fk` FOREIGN KEY (`parentId`) REFERENCES `craft_assetfolders` (`id`) ON DELETE CASCADE,
	ADD CONSTRAINT `craft_assetfolders_sourceId_fk` FOREIGN KEY (`sourceId`) REFERENCES `craft_assetsources` (`id`) ON DELETE CASCADE;

--
-- Constraints for table `craft_assetindexdata`
--
ALTER TABLE `craft_assetindexdata`
	ADD CONSTRAINT `craft_assetindexdata_sourceId_fk` FOREIGN KEY (`sourceId`) REFERENCES `craft_assetsources` (`id`) ON DELETE CASCADE;

--
-- Constraints for table `craft_assetsources`
--
ALTER TABLE `craft_assetsources`
	ADD CONSTRAINT `craft_assetsources_fieldLayoutId_fk` FOREIGN KEY (`fieldLayoutId`) REFERENCES `craft_fieldlayouts` (`id`) ON DELETE SET NULL;

--
-- Constraints for table `craft_categories`
--
ALTER TABLE `craft_categories`
	ADD CONSTRAINT `craft_categories_groupId_fk` FOREIGN KEY (`groupId`) REFERENCES `craft_categorygroups` (`id`) ON DELETE CASCADE,
	ADD CONSTRAINT `craft_categories_id_fk` FOREIGN KEY (`id`) REFERENCES `craft_elements` (`id`) ON DELETE CASCADE;

--
-- Constraints for table `craft_categorygroups`
--
ALTER TABLE `craft_categorygroups`
	ADD CONSTRAINT `craft_categorygroups_fieldLayoutId_fk` FOREIGN KEY (`fieldLayoutId`) REFERENCES `craft_fieldlayouts` (`id`) ON DELETE SET NULL,
	ADD CONSTRAINT `craft_categorygroups_structureId_fk` FOREIGN KEY (`structureId`) REFERENCES `craft_structures` (`id`) ON DELETE CASCADE;

--
-- Constraints for table `craft_categorygroups_i18n`
--
ALTER TABLE `craft_categorygroups_i18n`
	ADD CONSTRAINT `craft_categorygroups_i18n_groupId_fk` FOREIGN KEY (`groupId`) REFERENCES `craft_categorygroups` (`id`) ON DELETE CASCADE,
	ADD CONSTRAINT `craft_categorygroups_i18n_locale_fk` FOREIGN KEY (`locale`) REFERENCES `craft_locales` (`locale`) ON DELETE CASCADE ON UPDATE CASCADE;

--
-- Constraints for table `craft_content`
--
ALTER TABLE `craft_content`
	ADD CONSTRAINT `craft_content_elementId_fk` FOREIGN KEY (`elementId`) REFERENCES `craft_elements` (`id`) ON DELETE CASCADE,
	ADD CONSTRAINT `craft_content_locale_fk` FOREIGN KEY (`locale`) REFERENCES `craft_locales` (`locale`) ON DELETE CASCADE ON UPDATE CASCADE;

--
-- Constraints for table `craft_elements_i18n`
--
ALTER TABLE `craft_elements_i18n`
	ADD CONSTRAINT `craft_elements_i18n_elementId_fk` FOREIGN KEY (`elementId`) REFERENCES `craft_elements` (`id`) ON DELETE CASCADE,
	ADD CONSTRAINT `craft_elements_i18n_locale_fk` FOREIGN KEY (`locale`) REFERENCES `craft_locales` (`locale`) ON DELETE CASCADE ON UPDATE CASCADE;

--
-- Constraints for table `craft_emailmessages`
--
ALTER TABLE `craft_emailmessages`
	ADD CONSTRAINT `craft_emailmessages_locale_fk` FOREIGN KEY (`locale`) REFERENCES `craft_locales` (`locale`) ON DELETE CASCADE ON UPDATE CASCADE;

--
-- Constraints for table `craft_entries`
--
ALTER TABLE `craft_entries`
	ADD CONSTRAINT `craft_entries_authorId_fk` FOREIGN KEY (`authorId`) REFERENCES `craft_users` (`id`) ON DELETE CASCADE,
	ADD CONSTRAINT `craft_entries_id_fk` FOREIGN KEY (`id`) REFERENCES `craft_elements` (`id`) ON DELETE CASCADE,
	ADD CONSTRAINT `craft_entries_sectionId_fk` FOREIGN KEY (`sectionId`) REFERENCES `craft_sections` (`id`) ON DELETE CASCADE,
	ADD CONSTRAINT `craft_entries_typeId_fk` FOREIGN KEY (`typeId`) REFERENCES `craft_entrytypes` (`id`) ON DELETE CASCADE;

--
-- Constraints for table `craft_entrydrafts`
--
ALTER TABLE `craft_entrydrafts`
	ADD CONSTRAINT `craft_entrydrafts_creatorId_fk` FOREIGN KEY (`creatorId`) REFERENCES `craft_users` (`id`) ON DELETE CASCADE,
	ADD CONSTRAINT `craft_entrydrafts_entryId_fk` FOREIGN KEY (`entryId`) REFERENCES `craft_entries` (`id`) ON DELETE CASCADE,
	ADD CONSTRAINT `craft_entrydrafts_locale_fk` FOREIGN KEY (`locale`) REFERENCES `craft_locales` (`locale`) ON DELETE CASCADE ON UPDATE CASCADE,
	ADD CONSTRAINT `craft_entrydrafts_sectionId_fk` FOREIGN KEY (`sectionId`) REFERENCES `craft_sections` (`id`) ON DELETE CASCADE;

--
-- Constraints for table `craft_entrytypes`
--
ALTER TABLE `craft_entrytypes`
	ADD CONSTRAINT `craft_entrytypes_fieldLayoutId_fk` FOREIGN KEY (`fieldLayoutId`) REFERENCES `craft_fieldlayouts` (`id`) ON DELETE SET NULL,
	ADD CONSTRAINT `craft_entrytypes_sectionId_fk` FOREIGN KEY (`sectionId`) REFERENCES `craft_sections` (`id`) ON DELETE CASCADE;

--
-- Constraints for table `craft_entryversions`
--
ALTER TABLE `craft_entryversions`
	ADD CONSTRAINT `craft_entryversions_creatorId_fk` FOREIGN KEY (`creatorId`) REFERENCES `craft_users` (`id`) ON DELETE SET NULL,
	ADD CONSTRAINT `craft_entryversions_entryId_fk` FOREIGN KEY (`entryId`) REFERENCES `craft_entries` (`id`) ON DELETE CASCADE,
	ADD CONSTRAINT `craft_entryversions_locale_fk` FOREIGN KEY (`locale`) REFERENCES `craft_locales` (`locale`) ON DELETE CASCADE ON UPDATE CASCADE,
	ADD CONSTRAINT `craft_entryversions_sectionId_fk` FOREIGN KEY (`sectionId`) REFERENCES `craft_sections` (`id`) ON DELETE CASCADE;

--
-- Constraints for table `craft_fieldlayoutfields`
--
ALTER TABLE `craft_fieldlayoutfields`
	ADD CONSTRAINT `craft_fieldlayoutfields_fieldId_fk` FOREIGN KEY (`fieldId`) REFERENCES `craft_fields` (`id`) ON DELETE CASCADE,
	ADD CONSTRAINT `craft_fieldlayoutfields_layoutId_fk` FOREIGN KEY (`layoutId`) REFERENCES `craft_fieldlayouts` (`id`) ON DELETE CASCADE,
	ADD CONSTRAINT `craft_fieldlayoutfields_tabId_fk` FOREIGN KEY (`tabId`) REFERENCES `craft_fieldlayouttabs` (`id`) ON DELETE CASCADE;

--
-- Constraints for table `craft_fieldlayouttabs`
--
ALTER TABLE `craft_fieldlayouttabs`
	ADD CONSTRAINT `craft_fieldlayouttabs_layoutId_fk` FOREIGN KEY (`layoutId`) REFERENCES `craft_fieldlayouts` (`id`) ON DELETE CASCADE;

--
-- Constraints for table `craft_fields`
--
ALTER TABLE `craft_fields`
	ADD CONSTRAINT `craft_fields_groupId_fk` FOREIGN KEY (`groupId`) REFERENCES `craft_fieldgroups` (`id`) ON DELETE CASCADE;

--
-- Constraints for table `craft_globalsets`
--
ALTER TABLE `craft_globalsets`
	ADD CONSTRAINT `craft_globalsets_fieldLayoutId_fk` FOREIGN KEY (`fieldLayoutId`) REFERENCES `craft_fieldlayouts` (`id`) ON DELETE SET NULL,
	ADD CONSTRAINT `craft_globalsets_id_fk` FOREIGN KEY (`id`) REFERENCES `craft_elements` (`id`) ON DELETE CASCADE;

--
-- Constraints for table `craft_matrixblocks`
--
ALTER TABLE `craft_matrixblocks`
	ADD CONSTRAINT `craft_matrixblocks_fieldId_fk` FOREIGN KEY (`fieldId`) REFERENCES `craft_fields` (`id`) ON DELETE CASCADE,
	ADD CONSTRAINT `craft_matrixblocks_id_fk` FOREIGN KEY (`id`) REFERENCES `craft_elements` (`id`) ON DELETE CASCADE,
	ADD CONSTRAINT `craft_matrixblocks_ownerId_fk` FOREIGN KEY (`ownerId`) REFERENCES `craft_elements` (`id`) ON DELETE CASCADE,
	ADD CONSTRAINT `craft_matrixblocks_ownerLocale_fk` FOREIGN KEY (`ownerLocale`) REFERENCES `craft_locales` (`locale`) ON DELETE CASCADE ON UPDATE CASCADE,
	ADD CONSTRAINT `craft_matrixblocks_typeId_fk` FOREIGN KEY (`typeId`) REFERENCES `craft_matrixblocktypes` (`id`) ON DELETE CASCADE;

--
-- Constraints for table `craft_matrixblocktypes`
--
ALTER TABLE `craft_matrixblocktypes`
	ADD CONSTRAINT `craft_matrixblocktypes_fieldId_fk` FOREIGN KEY (`fieldId`) REFERENCES `craft_fields` (`id`) ON DELETE CASCADE,
	ADD CONSTRAINT `craft_matrixblocktypes_fieldLayoutId_fk` FOREIGN KEY (`fieldLayoutId`) REFERENCES `craft_fieldlayouts` (`id`) ON DELETE SET NULL;

--
-- Constraints for table `craft_matrixcontent_recipecontents`
--
ALTER TABLE `craft_matrixcontent_recipecontents`
	ADD CONSTRAINT `craft_matrixcontent_recipecontents_elementId_fk` FOREIGN KEY (`elementId`) REFERENCES `craft_elements` (`id`) ON DELETE CASCADE,
	ADD CONSTRAINT `craft_matrixcontent_recipecontents_locale_fk` FOREIGN KEY (`locale`) REFERENCES `craft_locales` (`locale`) ON DELETE CASCADE ON UPDATE CASCADE;

--
-- Constraints for table `craft_migrations`
--
ALTER TABLE `craft_migrations`
	ADD CONSTRAINT `craft_migrations_pluginId_fk` FOREIGN KEY (`pluginId`) REFERENCES `craft_plugins` (`id`) ON DELETE CASCADE;

--
-- Constraints for table `craft_relations`
--
ALTER TABLE `craft_relations`
	ADD CONSTRAINT `craft_relations_fieldId_fk` FOREIGN KEY (`fieldId`) REFERENCES `craft_fields` (`id`) ON DELETE CASCADE,
	ADD CONSTRAINT `craft_relations_sourceId_fk` FOREIGN KEY (`sourceId`) REFERENCES `craft_elements` (`id`) ON DELETE CASCADE,
	ADD CONSTRAINT `craft_relations_sourceLocale_fk` FOREIGN KEY (`sourceLocale`) REFERENCES `craft_locales` (`locale`) ON DELETE CASCADE ON UPDATE CASCADE,
	ADD CONSTRAINT `craft_relations_targetId_fk` FOREIGN KEY (`targetId`) REFERENCES `craft_elements` (`id`) ON DELETE CASCADE;

--
-- Constraints for table `craft_routes`
--
ALTER TABLE `craft_routes`
	ADD CONSTRAINT `craft_routes_locale_fk` FOREIGN KEY (`locale`) REFERENCES `craft_locales` (`locale`) ON DELETE CASCADE ON UPDATE CASCADE;

--
-- Constraints for table `craft_sections`
--
ALTER TABLE `craft_sections`
	ADD CONSTRAINT `craft_sections_structureId_fk` FOREIGN KEY (`structureId`) REFERENCES `craft_structures` (`id`) ON DELETE SET NULL;

--
-- Constraints for table `craft_sections_i18n`
--
ALTER TABLE `craft_sections_i18n`
	ADD CONSTRAINT `craft_sections_i18n_locale_fk` FOREIGN KEY (`locale`) REFERENCES `craft_locales` (`locale`) ON DELETE CASCADE ON UPDATE CASCADE,
	ADD CONSTRAINT `craft_sections_i18n_sectionId_fk` FOREIGN KEY (`sectionId`) REFERENCES `craft_sections` (`id`) ON DELETE CASCADE;

--
-- Constraints for table `craft_sessions`
--
ALTER TABLE `craft_sessions`
	ADD CONSTRAINT `craft_sessions_userId_fk` FOREIGN KEY (`userId`) REFERENCES `craft_users` (`id`) ON DELETE CASCADE;

--
-- Constraints for table `craft_shunnedmessages`
--
ALTER TABLE `craft_shunnedmessages`
	ADD CONSTRAINT `craft_shunnedmessages_userId_fk` FOREIGN KEY (`userId`) REFERENCES `craft_users` (`id`) ON DELETE CASCADE;

--
-- Constraints for table `craft_structureelements`
--
ALTER TABLE `craft_structureelements`
	ADD CONSTRAINT `craft_structureelements_elementId_fk` FOREIGN KEY (`elementId`) REFERENCES `craft_elements` (`id`) ON DELETE CASCADE,
	ADD CONSTRAINT `craft_structureelements_structureId_fk` FOREIGN KEY (`structureId`) REFERENCES `craft_structures` (`id`) ON DELETE CASCADE;

--
-- Constraints for table `craft_taggroups`
--
ALTER TABLE `craft_taggroups`
	ADD CONSTRAINT `craft_taggroups_fieldLayoutId_fk` FOREIGN KEY (`fieldLayoutId`) REFERENCES `craft_fieldlayouts` (`id`) ON DELETE SET NULL;

--
-- Constraints for table `craft_tags`
--
ALTER TABLE `craft_tags`
	ADD CONSTRAINT `craft_tags_groupId_fk` FOREIGN KEY (`groupId`) REFERENCES `craft_taggroups` (`id`) ON DELETE CASCADE,
	ADD CONSTRAINT `craft_tags_id_fk` FOREIGN KEY (`id`) REFERENCES `craft_elements` (`id`) ON DELETE CASCADE;

--
-- Constraints for table `craft_templatecachecriteria`
--
ALTER TABLE `craft_templatecachecriteria`
	ADD CONSTRAINT `craft_templatecachecriteria_cacheId_fk` FOREIGN KEY (`cacheId`) REFERENCES `craft_templatecaches` (`id`) ON DELETE CASCADE;

--
-- Constraints for table `craft_templatecacheelements`
--
ALTER TABLE `craft_templatecacheelements`
	ADD CONSTRAINT `craft_templatecacheelements_cacheId_fk` FOREIGN KEY (`cacheId`) REFERENCES `craft_templatecaches` (`id`) ON DELETE CASCADE,
	ADD CONSTRAINT `craft_templatecacheelements_elementId_fk` FOREIGN KEY (`elementId`) REFERENCES `craft_elements` (`id`) ON DELETE CASCADE;

--
-- Constraints for table `craft_templatecaches`
--
ALTER TABLE `craft_templatecaches`
	ADD CONSTRAINT `craft_templatecaches_locale_fk` FOREIGN KEY (`locale`) REFERENCES `craft_locales` (`locale`) ON DELETE CASCADE ON UPDATE CASCADE;

--
-- Constraints for table `craft_usergroups_users`
--
ALTER TABLE `craft_usergroups_users`
	ADD CONSTRAINT `craft_usergroups_users_groupId_fk` FOREIGN KEY (`groupId`) REFERENCES `craft_usergroups` (`id`) ON DELETE CASCADE,
	ADD CONSTRAINT `craft_usergroups_users_userId_fk` FOREIGN KEY (`userId`) REFERENCES `craft_users` (`id`) ON DELETE CASCADE;

--
-- Constraints for table `craft_userpermissions_usergroups`
--
ALTER TABLE `craft_userpermissions_usergroups`
	ADD CONSTRAINT `craft_userpermissions_usergroups_groupId_fk` FOREIGN KEY (`groupId`) REFERENCES `craft_usergroups` (`id`) ON DELETE CASCADE,
	ADD CONSTRAINT `craft_userpermissions_usergroups_permissionId_fk` FOREIGN KEY (`permissionId`) REFERENCES `craft_userpermissions` (`id`) ON DELETE CASCADE;

--
-- Constraints for table `craft_userpermissions_users`
--
ALTER TABLE `craft_userpermissions_users`
	ADD CONSTRAINT `craft_userpermissions_users_permissionId_fk` FOREIGN KEY (`permissionId`) REFERENCES `craft_userpermissions` (`id`) ON DELETE CASCADE,
	ADD CONSTRAINT `craft_userpermissions_users_userId_fk` FOREIGN KEY (`userId`) REFERENCES `craft_users` (`id`) ON DELETE CASCADE;

--
-- Constraints for table `craft_users`
--
ALTER TABLE `craft_users`
	ADD CONSTRAINT `craft_users_id_fk` FOREIGN KEY (`id`) REFERENCES `craft_elements` (`id`) ON DELETE CASCADE,
	ADD CONSTRAINT `craft_users_preferredLocale_fk` FOREIGN KEY (`preferredLocale`) REFERENCES `craft_locales` (`locale`) ON DELETE SET NULL ON UPDATE CASCADE;

--
-- Constraints for table `craft_widgets`
--
ALTER TABLE `craft_widgets`
	ADD CONSTRAINT `craft_widgets_userId_fk` FOREIGN KEY (`userId`) REFERENCES `craft_users` (`id`) ON DELETE CASCADE;

SET FOREIGN_KEY_CHECKS = 1;
